bin_idx	mu_mean	mu_lower_hdi	mu_upper_hdi	mu_median	mu_residual_mean	mu_residual_lower_hdi	mu_residual_upper_hdi	mu_residual_median	p_mean	p_lower_hdi	p_upper_hdi	p_median	p_residual_mean	p_residual_lower_hdi	p_residual_upper_hdi	p_residual_median	baf_outlier_odds_mean	baf_outlier_odds_lower_hdi	baf_outlier_odds_upper_hdi	baf_outlier_odds_median	rdr_outlier_odds_mean	rdr_outlier_odds_lower_hdi	rdr_outlier_odds_upper_hdi	rdr_outlier_odds_median	baf_outlier_prob_mean	baf_outlier_prob_lower_hdi	baf_outlier_prob_upper_hdi	baf_outlier_prob_median	rdr_outlier_prob_mean	rdr_outlier_prob_lower_hdi	rdr_outlier_prob_upper_hdi	rdr_outlier_prob_median	data_rdr	data_baf	chrom	start	end
0	1.1696739603444581	1.168806032166854	1.1711455804901685	1.1693721143604052	0.041387928092954884	0.039916307947244656	0.042255856270559056	0.04168977407700791	0.5724233473510669	0.5719815029021318	0.5730560351987215	0.5723279256517073	-0.00020208846429739524	-0.0008347763119519458	0.00023975598463776837	-0.00010666676493770177	-3.2468186088715676	-3.292650275241515	-3.185867232370038	-3.254378463937359	-2.034644973307094	-2.215962743356564	-1.9518335447169815	-1.9853918025774153	0.00020892808494896766	8.587840720552895e-05	0.0004091906287733497	0.00017032165190849596	0.005233195168059332	0.002997920453115473	0.009708577812962362	0.004113141203079747	1.2110618884374131	0.5722212588867696	chr20	56000000	56500000
1	1.000249693074727	0.9999766501688484	1.000541202573959	1.00024045977805	-0.020626060790490147	-0.020917570289722298	-0.020353017884611635	-0.020616827493813328	0.5	0.5	0.5	0.5	-0.0017430278884462136	-0.0017430278884462136	-0.0017430278884462136	-0.0017430278884462136	-3.1935745946226524	-3.2357656256750946	-3.137098830569389	-3.200716961123063	-3.3806781060919247	-3.4104654113041306	-3.3683505833233545	-3.371948214870107	0.00022040461818134048	9.090518821796556e-05	0.00043253080063599043	0.00017909124193570295	0.0013402032814642613	0.0006971974361811191	0.002354887055205783	0.0011543643172350713	0.9796236322842368	0.4982569721115538	chr10	74500000	75000000
2	0.9155375594398611	0.9144678222368173	0.9164087877775113	0.9156368138725579	-0.0104110522883199	-0.011282280625970142	-0.009341315085276136	-0.01051030672101666	0.6387917980486502	0.637709965113637	0.6403426955065019	0.6385572657872308	-0.009485635991396374	-0.011036533449248154	-0.008403803056383219	-0.009251103729977062	-2.973613313885103	-2.9997599446398047	-2.9371403081508483	-2.97877650137488	-3.7514175510302343	-3.864045440233925	-3.664776307061893	-3.7384242284125593	0.0002797121467466035	0.00011680433041317603	0.0005776706115443398	0.00021218682251444908	0.0009272185556925931	0.00044296404640801253	0.0015924380023921159	0.0008367360869851219	0.9051265071515412	0.6293061620572538	chr5	60000000	60500000
3	1.000249693074727	0.9999766501688484	1.000541202573959	1.00024045977805	-0.009622937400980108	-0.00991444690021226	-0.009349894495101596	-0.009613704104303289	0.669382254233366	0.6681738134921608	0.6711138725961979	0.6691206654225526	-0.002753827022169447	-0.0044854453850013964	-0.0015453862809642338	-0.0024922382113560793	-3.3011150786982455	-3.3431188560908485	-3.254502080062867	-3.303419689319634	-3.763151556789012	-3.8569507749762177	-3.6852961495744436	-3.7551796513026936	0.00019942587842517376	8.165179842863414e-05	0.0003984117177814825	0.0001588199987452892	0.0009154303971468655	0.0004461179025864945	0.0015816203968080365	0.0008169916445964656	0.9906267556737468	0.6666284272111965	chr9	88500000	89000000
4	1.000249693074727	0.9999766501688484	1.000541202573959	1.00024045977805	0.021117460372000324	0.020825950872768173	0.021390503277878836	0.021126693668677143	0.5	0.5	0.5	0.5	0.014459295261239347	0.014459295261239347	0.014459295261239347	0.014459295261239347	-2.8002962835055216	-2.8111623211774734	-2.7884565426201924	-2.8007831351122103	-3.35492244691089	-3.3759263164041085	-3.3165338842218848	-3.363614793508783	0.0003284722118426334	0.0001389925563360443	0.0006606554727215774	0.0002571204091564559	0.0013803238846929675	0.000734567408151844	0.0024801262492748434	0.0011533009406725914	1.0213671534467272	0.5144592952612393	chr3	43500000	44000000
5	1.000249693074727	0.9999766501688484	1.000541202573959	1.00024045977805	0.0401599578060918	0.03986844830685965	0.04043300071197031	0.04016919110276862	0.5	0.5	0.5	0.5	-0.01586598120900551	-0.01586598120900551	-0.01586598120900551	-0.01586598120900551	-2.7179092630335218	-2.7214509561415516	-2.7116203358660123	-2.719282880063262	-2.0996580985776405	-2.3483214916400446	-1.8807561028391868	-2.084777399915665	0.0003573475263824678	0.00015232594343281755	0.0007238062906929512	0.0002766289357020513	0.004917674756937622	0.002840760590227529	0.009385347405457023	0.0037222955160329677	1.0404096508808187	0.4841340187909945	chr1	181000000	181500000
6	1.000249693074727	0.9999766501688484	1.000541202573959	1.00024045977805	-0.019744739479699708	-0.02003624897893186	-0.019471696573821196	-0.01973550618302289	0.5	0.5	0.5	0.5	0.00751797777293528	0.00751797777293528	0.00751797777293528	0.00751797777293528	-3.103104761255886	-3.1378848707831075	-3.05717907362874	-3.1086775503058472	-3.4210317451030865	-3.4576386011227385	-3.4051374485526535	-3.4106754653684774	0.00024157915978737	0.00010025308417505185	0.0004768960420284085	0.00019458375647300985	0.0012872446553212073	0.0006650720938025368	0.0022576911491411877	0.0011131076891705523	0.9805049535950272	0.5075179777729353	chr18	23500000	24000000
7	1.000249693074727	0.9999766501688484	1.000541202573959	1.00024045977805	-0.12271096566137255	-0.1230024751606047	-0.12243792275549403	-0.12270173236469573	0.5	0.5	0.5	0.5	-0.011837121212121215	-0.011837121212121215	-0.011837121212121215	-0.011837121212121215	-2.882140392011702	-2.903402076818967	-2.8557059934004965	-2.884726748913672	3.30212729845592	2.6764552608590995	3.848479901410008	3.341787015777287	0.0003020516120499857	0.00012674543480638336	0.0006026478044103352	0.00023940660449161215	0.9684760659394649	0.9132084305198592	0.9935641314376527	0.9835658509001738	0.8775387274133544	0.4881628787878788	chr7	111500000	112000000
8	1.000249693074727	0.9999766501688484	1.000541202573959	1.00024045977805	-0.1443332444379293	-0.14462475393716145	-0.1440602015320508	-0.14432401114125248	0.584691127116683	0.5840869067460803	0.585556936298099	0.5845603327112763	0.013853105806049426	0.012987296624633382	0.014457326176652074	0.013983900211456124	-2.8577220116302895	-2.9133334402148208	-2.8153287884591727	-2.8511129089235827	3.3318002686808326	2.682456869574712	3.8573755857724636	3.393684309688078	0.00030578699413114785	0.00012924416825132402	0.0005915881486608215	0.0002511578298062228	0.9970732738133052	0.9912226539905803	0.9995450441850946	0.998762698538773	0.8559164486367976	0.5985442329227324	chr22	34000000	34500000
9	1.1696739603444581	1.168806032166854	1.1711455804901685	1.1693721143604052	0.0038729564247789172	0.0024013362790686887	0.004740884602383089	0.004174802408831946	0.717270042053201	0.7159445087063954	0.7191681055961647	0.7169837769551217	-0.013263364256873716	-0.015161427799837535	-0.01193783091006817	-0.01297709915879458	-2.8648031469586774	-2.958375552991501	-2.726717341007263	-2.887059846917972	-3.872339769183164	-3.9906334211898695	-3.7738640065889717	-3.862430824476908	0.0003223119229912852	0.00013552248025964025	0.0007129610546790264	0.00022038207851323701	0.000822283983164997	0.00039029412691094043	0.0014153290371489316	0.0007417563843000582	1.1735469167692372	0.7040066777963272	chr17	49000000	49500000
10	1.000249693074727	0.9999766501688484	1.000541202573959	1.00024045977805	0.00880866574489822	0.008517156245666069	0.009081708650776732	0.008817899041575039	0.669382254233366	0.6681738134921608	0.6711138725961979	0.6691206654225526	0.020937622844438203	0.019206004481606254	0.022146063585643416	0.02119921165525157	-2.271969978776288	-2.394996371602529	-2.1759010888671027	-2.2584912273177604	-3.7795173841324265	-3.866377897646796	-3.706500758701221	-3.7725954400908446	0.0005384868058818856	0.000236169436659014	0.0009934142691862468	0.0004621817588411406	0.0009017759452233037	0.00044193205563945834	0.001571975492819831	0.0007965981162169628	1.0090583588196251	0.6903198770778042	chr14	87000000	87500000
11	0.8308254258049954	0.8289085694857005	0.8322763729810638	0.8310583803766087	-0.006117768671889068	-0.007568715847957486	-0.004200912352594122	-0.006350723243502332	0.601962928653857	0.6010871118389441	0.6032191678319873	0.6017727174722485	0.02587007333421451	0.024613834156084313	0.026745890149127427	0.02606028451582315	-1.993855843728235	-2.0582035436526276	-1.9398264216688226	-1.988696704795745	-3.846504489381062	-3.9744071622526977	-3.743843773202455	-3.8338835110345473	0.000721006246564333	0.00031719295040913057	0.0013912259203404278	0.0005878030577538868	0.0008435660621606197	0.0003966788000705916	0.0014417585921050384	0.0007679134282334243	0.8247076571331063	0.6278330019880716	chr7	22500000	23000000
12	0.9155375594398611	0.9144678222368173	0.9164087877775113	0.9156368138725579	0.1159047217503118	0.11503349341266156	0.11697445895335556	0.11580546731761504	0.4537360673171167	0.4532191014978328	0.4540966782954544	0.4538142447375897	0.08013653126731206	0.07977592028897429	0.08065349708659592	0.08005835384683901	5.100245432005609	4.4700664569740525	5.839637480698299	5.045638895175042	3.2612203777420126	2.669350237327417	3.838604549281049	3.2684633621797916	0.7633253032597489	0.6047103063511438	0.9518955535863401	0.7483476765507558	0.9317239691800662	0.8179097561374766	0.986529853849083	0.9612281333668525	1.031442281190173	0.5338725985844287	chr1	192500000	193000000
13	1.000249693074727	0.9999766501688484	1.000541202573959	1.00024045977805	0.0044653527663043036	0.004173843267072153	0.004738395672182816	0.004474586062981123	0.5	0.5	0.5	0.5	0.0019372336303757898	0.0019372336303757898	0.0019372336303757898	0.0019372336303757898	-3.2189390118391668	-3.263163667669909	-3.1595648844716564	-3.2265137476075503	-3.847453599622605	-3.9492525659908084	-3.7592068535330663	-3.840677489483273	0.0002148121686174752	8.844837369004453e-05	0.00042086814823228427	0.000174966076273786	0.0008424976832761568	0.0004067836540753672	0.0014590903637602688	0.0007520583576344956	1.0047150458410312	0.5019372336303758	chr4	45000000	45500000
14	1.000249693074727	0.9999766501688484	1.000541202573959	1.00024045977805	0.013524623427036503	0.013233113927804352	0.013797666332915015	0.013533856723713322	0.5	0.5	0.5	0.5	-0.0029498525073746173	-0.0029498525073746173	-0.0029498525073746173	-0.0029498525073746173	-3.2388576849545165	-3.2847283291090807	-3.1771407637337177	-3.2467808234876334	-3.656559942599726	-3.718303924608655	-3.6095406189522032	-3.649197613419023	0.00021051899570920682	8.656143319684095e-05	0.00041191073044557857	0.0001718019095972039	0.0010198722735354283	0.0005124638249341499	0.0017953445000267897	0.0008858403845903866	1.0137743165017634	0.4970501474926254	chr10	51500000	52000000
15	1.000249693074727	0.9999766501688484	1.000541202573959	1.00024045977805	-0.00829232935088256	-0.008583838850114711	-0.008019286445004048	-0.00828309605420574	0.5	0.5	0.5	0.5	-0.026315789473684237	-0.026315789473684237	-0.026315789473684237	-0.026315789473684237	-2.2024661590350263	-2.2097583624415256	-2.193094296232288	-2.203505988733146	-3.790960552041618	-3.8891946579477192	-3.7082302453659404	-3.7832086524264064	0.000598703556635746	0.00025593876831006177	0.0012156690248049684	0.00046160321671397694	0.0008904975982794932	0.00043196276382858543	0.0015369852848958513	0.000796521172196768	0.9919573637238444	0.47368421052631576	chr11	68500000	69000000
16	0.8308254258049954	0.8289085694857005	0.8322763729810638	0.8310583803766087	-0.01589049055242764	-0.017341437728496056	-0.013973634233132692	-0.016123445124040903	0.601962928653857	0.6010871118389441	0.6032191678319873	0.6017727174722485	-0.0019629286538570823	-0.0032191678319872796	-0.0010871118389441659	-0.0017727174722484418	-3.06231449433154	-3.092876755159091	-3.0253983094595363	-3.065491456353766	-3.6024045214667364	-3.7308867271522246	-3.5216088236937635	-3.5785612675104783	0.000252393733211222	0.00010486837015768785	0.0005025639323183104	0.00020107131518444494	0.0010777813383508145	0.0005060559926028992	0.0018393397633232958	0.0009828647987385314	0.8149349352525678	0.6	chr9	82000000	82500000
17	1.000249693074727	0.9999766501688484	1.000541202573959	1.00024045977805	0.01848750322348744	0.01819599372425529	0.01876054612936595	0.01849673652016426	0.5	0.5	0.5	0.5	0.024017467248908297	0.024017467248908297	0.024017467248908297	0.024017467248908297	-2.0925055120036933	-2.160977837682955	-2.040753485650022	-2.084145362340898	-3.4734773893473596	-3.499403342603971	-3.4432483561723153	-3.475628929306576	0.0006751497647420518	0.00029847764775642305	0.001415715948107069	0.0004932027315523574	0.0012253574369269914	0.0006378675787805677	0.0021849544767614778	0.0010393038460829599	1.0187371962982144	0.5240174672489083	chr6	86000000	86500000
18	1.000249693074727	0.9999766501688484	1.000541202573959	1.00024045977805	0.018277865077285654	0.017986355578053503	0.018550907983164167	0.018287098373962474	0.5	0.5	0.5	0.5	0.005789076264787307	0.005789076264787307	0.005789076264787307	0.005789076264787307	-3.189321831044734	-3.2307394777874254	-3.133915085909454	-3.196316380241029	-3.48229582097719	-3.5099188290921166	-3.4526855767289497	-3.4832894390438467	0.00022137269205552672	9.136324129467356e-05	0.00043469944154361377	0.00017971404269190983	0.00121455990808895	0.0006311952338342568	0.002164431571366285	0.001031306413577629	1.0185275581520126	0.5057890762647873	chr2	70500000	71000000
19	1.000249693074727	0.9999766501688484	1.000541202573959	1.00024045977805	0.010776933546098516	0.010485424046866365	0.011049976451977028	0.010786166842775335	0.5	0.5	0.5	0.5	0.001240694789081842	0.001240694789081842	0.001240694789081842	0.001240694789081842	-3.045607985839397	-3.077757540962274	-3.0035407887409384	-3.0505668068271876	-3.7343573526631584	-3.8118344555638233	-3.671019902834539	-3.727287526127136	0.00025599343793715175	0.00010646594410752303	0.0005064060983054298	0.00020555085466782705	0.0009434581689965166	0.00046670603872450976	0.0016508459108796833	0.000828140363190937	1.0110266266208254	0.5012406947890818	chrX	40000000	40500000
20	1.000249693074727	0.9999766501688484	1.000541202573959	1.00024045977805	0.0015266937769371214	0.0012351842777049704	0.0017997366828156336	0.0015359270736139408	0.5	0.5	0.5	0.5	-0.0004899902001960221	-0.0004899902001960221	-0.0004899902001960221	-0.0004899902001960221	-3.2538805375861664	-3.3010860789203935	-3.19027071101085	-3.262082680206711	-3.8683822301848267	-3.9756741972922702	-3.7747238162423313	-3.8615654536023527	0.00020733511051683316	8.5157000921084e-05	0.000405244609196986	0.0001694694159746313	0.0008249637821760563	0.0003961765124066785	0.0014245666459864403	0.0007395559851555533	1.001776386851664	0.499510009799804	chr15	57500000	58000000
21	1.000249693074727	0.9999766501688484	1.000541202573959	1.00024045977805	0.004427705030464607	0.004136195531232456	0.004700747936343119	0.0044369383271414264	0.5	0.5	0.5	0.5	-0.004822265086800781	-0.004822265086800781	-0.004822265086800781	-0.004822265086800781	-3.1435275661440816	-3.1818521635474113	-3.0925714027806457	-3.1498433491241347	-3.8478500104755913	-3.94974311099896	-3.759508757768482	-3.8410740865674624	0.0002318668600917579	9.594072355473612e-05	0.00045643413490692816	0.0001875462909526837	0.0008421630376813163	0.00040658415731953217	0.0014584448908652437	0.0007518115512702447	1.0046773981051915	0.4951777349131992	chr2	168000000	168500000
22	0.8308254258049954	0.8289085694857005	0.8322763729810638	0.8310583803766087	-0.0473607078737468	-0.04881165504981522	-0.04544385155445185	-0.04759366244536006	0.601962928653857	0.6010871118389441	0.6032191678319873	0.6017727174722485	0.002981978629131382	0.0017257394510011848	0.0038577954440442985	0.0031721898107400226	-3.1952352202087475	-3.241397659417858	-3.132746333725102	-3.203398443846015	-1.5146566623311446	-1.7419116807461155	-1.4036371768953142	-1.4565388958415746	0.00021941143491519333	9.039464617505983e-05	0.0004269594739216991	0.00018014580978200717	0.008766197923913996	0.005186927882470515	0.015912645198344923	0.006982609307420272	0.7834647179312486	0.6049449072829884	chr7	2000000	2500000
23	1.000249693074727	0.9999766501688484	1.000541202573959	1.00024045977805	-2.4860578940605338e-05	-0.0003163700781727563	0.00024818232693790687	-1.5627282263785958e-05	0.5	0.5	0.5	0.5	-0.0008718395815169866	-0.0008718395815169866	-0.0008718395815169866	-0.0008718395815169866	-3.1160676133540264	-3.1526356714947195	-3.067640457103302	-3.1219971624090426	-3.8712305219082395	-3.979898624260233	-3.776328641247072	-3.864347411062827	0.00023839369690807107	9.87851243185205e-05	0.0004699397761684857	0.00019242494357263906	0.0008225452649086376	0.0003945064237310835	0.0014189302270788432	0.0007383722044123119	1.0002248324957863	0.499128160418483	chr20	43000000	43500000
24	1.000249693074727	0.9999766501688484	1.000541202573959	1.00024045977805	0.00958999341284203	0.009298483913609878	0.009863036318720542	0.009599226709518849	0.5	0.5	0.5	0.5	0.0075692307692307725	0.0075692307692307725	0.0075692307692307725	0.0075692307692307725	-3.138871595125071	-3.1757374342534543	-3.0899131641020077	-3.1449178910724105	-3.762654864042054	-3.8459822289030043	-3.693276514685947	-3.7556803562896315	0.00023300757230763377	9.65291723766613e-05	0.00045921205086992787	0.00018814453299197288	0.0009171189239675244	0.00045103810174207447	0.0016010226859723832	0.0008082074540778201	1.009839686487569	0.5075692307692308	chr10	82000000	82500000
25	1.000249693074727	0.9999766501688484	1.000541202573959	1.00024045977805	-0.0066462344172313614	-0.006937743916463512	-0.006373191511352849	-0.006637001120554542	0.5	0.5	0.5	0.5	0.006556353418670002	0.006556353418670002	0.006556353418670002	0.006556353418670002	-3.1556342701611255	-3.194309982702366	-3.1041335190965267	-3.1620467894228037	-3.819693320961957	-3.9223708832586492	-3.7320363555067537	-3.8121830225412126	0.00022906319394612248	9.47529254201504e-05	0.00045078817170535494	0.0001853558393294923	0.0008654724073509742	0.0004178669850825472	0.0014924374535683724	0.0007757925953764888	0.9936034586574956	0.50655635341867	chr12	75000000	75500000
26	0.8308254258049954	0.8289085694857005	0.8322763729810638	0.8310583803766087	-0.0032934632163905686	-0.0047444103924589864	-0.0013766068970956225	-0.0035264177880038328	0.601962928653857	0.6010871118389441	0.6032191678319873	0.6017727174722485	-0.021895926978815178	-0.023152166156945375	-0.02102011016390226	-0.021705715797206537	-2.2094400825390985	-2.3461045237891316	-2.0370477696861693	-2.2273040183405466	-3.8759686601671275	-3.995816688518195	-3.77513921541824	-3.866459368366038	0.0006271116687785115	0.0002741093088895245	0.0014209719218544316	0.00040668272218504474	0.0008186820435284539	0.00038827636193959294	0.0014035939501539545	0.0007414289310101341	0.8275319625886048	0.5800670016750419	chr10	116000000	116500000
27	1.000249693074727	0.9999766501688484	1.000541202573959	1.00024045977805	0.044957360958793186	0.044665851459561035	0.0452304038646717	0.044966594255470005	0.5	0.5	0.5	0.5	0.016407904022582964	0.016407904022582964	0.016407904022582964	0.016407904022582964	-2.681926277136518	-2.687416983377764	-2.6726464562295096	-2.683820834469399	-1.6895704462098222	-2.0092411022943617	-1.4031951235844762	-1.6729227794802253	0.0003706794128048508	0.0001583968754320045	0.0007525727592120753	0.00028587400828766166	0.007469697713715622	0.0039874511574619145	0.014445147886570526	0.005723095905415025	1.04520705403352	0.516407904022583	chr2	70000000	70500000
28	1.1696739603444581	1.168806032166854	1.1711455804901685	1.1693721143604052	-0.015293667883748419	-0.016765288029458647	-0.014425739706144247	-0.01499182189969539	0.5724233473510669	0.5719815029021318	0.5730560351987215	0.5723279256517073	0.0062584082690584075	0.005625720421403857	0.006700252717993571	0.006353829968418101	-3.1776117622429814	-3.2246141596052684	-3.114960916524314	-3.185435986421172	-3.6078038096177636	-3.637020284573293	-3.591239060006556	-3.6014779469456024	0.0002231048095477849	9.212296484631374e-05	0.0004333431804141222	0.00018347654646535188	0.001065301678336418	0.0005725845755976008	0.001884390243013646	0.0009021159473672122	1.1543802924607098	0.5786817556201254	chr18	32000000	32500000
29	0.8308254258049954	0.8289085694857005	0.8322763729810638	0.8310583803766087	0.02533896132799096	0.023888014151922543	0.027255817647285907	0.025106006756377697	0.601962928653857	0.6010871118389441	0.6032191678319873	0.6017727174722485	0.008923488602631008	0.0076672494245008105	0.009799305417543924	0.009113699784239648	-3.0955915512414585	-3.165375589182304	-3.0256987737266066	-3.095645921028462	-3.1370871845074038	-3.2522000191786757	-2.9931363575848655	-3.151506180633037	0.0002406955124378828	9.975723826708853e-05	0.0004597893955938672	0.00020161770794528775	0.0017190777438385286	0.0010582773144725507	0.003199589840001645	0.0013092219104399593	0.8561643871329864	0.6108864172564881	chr1	163500000	164000000
30	0.8308254258049954	0.8289085694857005	0.8322763729810638	0.8310583803766087	0.0024211276886170197	0.0009701805125486018	0.004337984007911966	0.0021881731170037555	0.601962928653857	0.6010871118389441	0.6032191678319873	0.6017727174722485	0.01669746081757459	0.015441221639444391	0.017573277632487505	0.01688767199918323	-2.6728944886445065	-2.7487396313856536	-2.6168908886353686	-2.6629737172785015	-3.878202688441404	-3.9709611966528193	-3.792440921337767	-3.874704317887515	0.00036572503253623766	0.00015574062805176364	0.0006974316435230692	0.0003048639292850589	0.0008159404283682985	0.00039804809949419177	0.0014127665049785078	0.0007264735545002472	0.8332465534936124	0.6186603894714316	chr14	61000000	61500000
31	1.000249693074727	0.9999766501688484	1.000541202573959	1.00024045977805	0.015724353368339078	0.015432843869106927	0.01599739627421759	0.015733586665015897	0.669382254233366	0.6681738134921608	0.6711138725961979	0.6691206654225526	-0.00851874448406234	-0.01025036284689429	-0.007310303742857127	-0.008257155673248973	-3.0921629470439713	-3.1272012184973486	-3.0429317867916614	-3.0992593914434377	-3.58208048832354	-3.6290903528548633	-3.550408650176414	-3.574411475131442	0.00024953739981189115	0.0001036053754073306	0.0005196795394786367	0.00018743234218079866	0.0010988885926017861	0.000560283942149492	0.0019449342969370276	0.0009451680656603122	1.015974046443066	0.6608635097493036	chr11	122000000	122500000
32	0.8308254258049954	0.8289085694857005	0.8322763729810638	0.8310583803766087	-0.014558213444160972	-0.01600916062022939	-0.012641357124866026	-0.014791168015774236	0.601962928653857	0.6010871118389441	0.6032191678319873	0.6017727174722485	-0.006249855648763708	-0.007506094826893905	-0.005374038833850792	-0.0060596444671550675	-3.1498738314505736	-3.178493830744495	-3.1207769759505553	-3.1501122595536217	-3.6484058018942944	-3.7792618765231936	-3.5621215152800056	-3.626119907886989	0.00023271706690343482	9.626346606883668e-05	0.00047034550864456803	0.0001821296464501673	0.0010292617606131476	0.00048215814944339467	0.0017554307902129247	0.0009397290513981358	0.8162672123608344	0.5957130730050934	chr16	51500000	52000000
33	1.000249693074727	0.9999766501688484	1.000541202573959	1.00024045977805	-0.0011324211891552693	-0.0014239306883874203	-0.0008593782832767571	-0.00112318789247845	0.5	0.5	0.5	0.5	-0.007621951219512202	-0.007621951219512202	-0.007621951219512202	-0.007621951219512202	-3.110462108363202	-3.1455955621378546	-3.06401598462568	-3.1161184433446367	-3.8697920228357576	-3.9787956450672395	-3.7746870028398245	-3.8628427217179837	0.00023979366901502694	9.94830362019886e-05	0.00047323832218608647	0.00019322665883601638	0.000823664665318691	0.00039494179616719223	0.001420129244226573	0.0007397938104404994	0.9991172718855716	0.4923780487804878	chr11	69000000	69500000
34	1.1696739603444581	1.168806032166854	1.1711455804901685	1.1693721143604052	0.005849010525544762	0.004377390379834534	0.006716938703148934	0.006150856509597791	0.5724233473510669	0.5719815029021318	0.5730560351987215	0.5723279256517073	0.014542650905253834	0.013909963057599284	0.014984495354188998	0.014638072604613528	-2.8064357099443216	-2.8447266004708878	-2.774579375055815	-2.8032184321252918	-3.8507413826682555	-3.972343237644427	-3.7529072851286847	-3.8388575039499555	0.0003232950112960723	0.00013678206572610734	0.0006335998081396674	0.0002613990856592572	0.0008407015821336463	0.0003974983606723542	0.0014471195417668703	0.0007590942130476805	1.175522970870003	0.5869659982563208	chr1	65000000	65500000
35	0.8308254258049954	0.8289085694857005	0.8322763729810638	0.8310583803766087	-0.023364824058061506	-0.024815771234129924	-0.02144796773876656	-0.02359777862967477	0.601962928653857	0.6010871118389441	0.6032191678319873	0.6017727174722485	-0.007315591045828046	-0.008571830223958243	-0.00643977423091513	-0.0071253798642194055	-3.0944907868716163	-3.118128277026843	-3.07288666731656	-3.0934741015715304	-3.27327382814271	-3.3748593356653807	-3.2030913549469617	-3.2575723109792487	0.0002463677920175237	0.00010225343866245915	0.0005005139028126372	0.00019135191329749924	0.0014981589433034955	0.0007224691441170781	0.0025770151519533403	0.0013465757385717819	0.8074606017469339	0.594647337608029	chr6	13500000	14000000
36	1.1696739603444581	1.168806032166854	1.1711455804901685	1.1693721143604052	-0.01911358556023457	-0.020585205705944798	-0.018245657382630398	-0.01881173957618154	0.5724233473510669	0.5719815029021318	0.5730560351987215	0.5723279256517073	-0.004139378237317942	-0.004772066084972493	-0.0036975337883827786	-0.004043956537958249	-3.2365996093794767	-3.278254760472713	-3.1835979860254326	-3.242272845509881	-3.455366609231848	-3.4993322320913642	-3.4143534965333764	-3.4538903541513255	0.0002117390984001858	8.712361226502224e-05	0.00041850601037228617	0.0001706633854817174	0.0012405602097973715	0.0006944919361433021	0.0022167030781891817	0.001025522912428501	1.1505603747842237	0.568283969113749	chr14	33000000	33500000
37	1.1696739603444581	1.168806032166854	1.1711455804901685	1.1693721143604052	-0.006812368206905339	-0.008283988352615568	-0.005944440029301168	-0.006510522222852311	0.5724233473510669	0.5719815029021318	0.5730560351987215	0.5723279256517073	-0.0037683107725638154	-0.004400998620218366	-0.003326466323628652	-0.003672889073204122	-3.2306131788380688	-3.27218674329019	-3.1774693073430154	-3.2363983323595344	-3.8300410303237222	-3.9008018498175856	-3.7594493613103976	-3.8299564550834537	0.00021294810502919543	8.765388707247575e-05	0.00042062048314256195	0.00017175902495087205	0.0008548048414063311	0.0004269778753928737	0.0014853795553571565	0.0007534309674376472	1.162861592137553	0.5686550365785031	chr8	71500000	72000000
38	1.000249693074727	0.9999766501688484	1.000541202573959	1.00024045977805	0.00875666053038679	0.008465151031154639	0.009029703436265302	0.008765893827063609	0.669382254233366	0.6681738134921608	0.6711138725961979	0.6691206654225526	-0.014969372568471556	-0.016700990931303505	-0.013760931827266343	-0.014707783757658188	-2.751049268566196	-2.8445160862196763	-2.6128265217116367	-2.7734272331667347	-3.7805898393834467	-3.8676764910950636	-3.7073406511924505	-3.7736711076231364	0.00036099358040209096	0.0001527923540756751	0.0007989653806259616	0.0002461082934533636	0.0009008088779980053	0.00044135853803112555	0.0015701436878333812	0.0007958666430637572	1.0090063536051137	0.6544128816648944	chr9	32500000	33000000
39	1.000249693074727	0.9999766501688484	1.000541202573959	1.00024045977805	-0.025866630600532098	-0.02615814009976425	-0.025593587694653586	-0.02585739730385528	0.669382254233366	0.6681738134921608	0.6711138725961979	0.6691206654225526	-0.001662552912286147	-0.0033941712751180964	-0.0004541121710809337	-0.0014009641014727792	-3.299956854689441	-3.344606473885028	-3.2476554013123344	-3.3037827717802006	-3.107729694176262	-3.1486840230388156	-3.082946226999921	-3.0996442633331567	0.00019911055735525652	8.153042206356907e-05	0.0003948980319490172	0.0001600068877042199	0.0017613201114182598	0.0009591039320385609	0.003132705859880837	0.001476735326876821	0.9743830624741948	0.6677197013210798	chr1	3500000	4000000
40	1.000249693074727	0.9999766501688484	1.000541202573959	1.00024045977805	0.0013784592142911112	0.0010869497150589602	0.0016515021201696234	0.0013876925109679306	0.5	0.5	0.5	0.5	-0.0019762845849802257	-0.0019762845849802257	-0.0019762845849802257	-0.0019762845849802257	-3.2059524632911423	-3.2491221234179815	-3.1480810238504695	-3.2133033529480595	-3.8688995122087424	-3.976368593012431	-3.775073990642274	-3.862077732590132	0.0002176579254879167	8.969908585870479e-05	0.0004268052903986259	0.00017706366284716803	0.0008245311411569369	0.00039590150462519866	0.00142365775615461	0.0007392826519239696	1.001628152289018	0.4980237154150198	chrX	46000000	46500000
41	0.8308254258049954	0.8289085694857005	0.8322763729810638	0.8310583803766087	-0.010218618182577521	-0.01166956535864594	-0.008301761863282575	-0.010451572754190785	0.601962928653857	0.6010871118389441	0.6032191678319873	0.6017727174722485	0.022535447038862205	0.021279207860732008	0.02341126385377512	0.022725658220470846	-2.1855883314640456	-2.2548930426879794	-2.1286539495824695	-2.179403166792867	-3.770636330448399	-3.9039014228320834	-3.671895844503503	-3.753374027229005	0.0005943980653743566	0.0002618189503317939	0.0011428164851421414	0.00048647841301174556	0.0009105374958047637	0.0004256564752385777	0.0015525442738245562	0.0008319746170779605	0.8206068076224179	0.6244983756927193	chr13	23000000	23500000
42	1.000249693074727	0.9999766501688484	1.000541202573959	1.00024045977805	0.011148116239878075	0.010856606740645924	0.011421159145756588	0.011157349536554895	0.669382254233366	0.6681738134921608	0.6711138725961979	0.6691206654225526	0.007049422198310479	0.0053178038354785295	0.008257862939515692	0.007311011009123847	-3.1845676732644144	-3.2636328590384336	-3.1048119021119227	-3.1849129659536506	-3.724847295974754	-3.800376468112252	-3.663525067795213	-3.717743823995775	0.00021985475103870726	9.055238975438642e-05	0.00041676031781245063	0.000186053148293996	0.0009524800708492205	0.00047208430386649534	0.0016679055995629452	0.0008349651899837209	1.011397809314605	0.6764316764316765	chr13	73500000	74000000
43	1.000249693074727	0.9999766501688484	1.000541202573959	1.00024045977805	-0.02176034081342773	-0.022051850312659882	-0.02148729790754922	-0.02175110751675091	0.5	0.5	0.5	0.5	0.030746105493304143	0.030746105493304143	0.030746105493304143	0.030746105493304143	-1.4209640900905522	-1.5600505196183452	-1.3219443247920486	-1.4009307579759076	-3.3263510259862876	-3.3469612945443945	-3.3115807353890645	-3.3234310370058457	0.001339396974686026	0.0006140018983101949	0.0029050323737418783	0.0009192768133460157	0.0014150047814331724	0.0007429083999683476	0.0024924411573203978	0.001212334784221972	0.9784893522612992	0.5307461054933041	chr20	34000000	34500000
44	1.000249693074727	0.9999766501688484	1.000541202573959	1.00024045977805	0.011052488997076865	0.010760979497844714	0.011325531902955377	0.011061722293753684	0.5	0.5	0.5	0.5	-0.022810218978102204	-0.022810218978102204	-0.022810218978102204	-0.022810218978102204	-2.3472988324758983	-2.3552168040981902	-2.337271476085255	-2.3483535248600735	-3.7273273766089505	-3.8033637530636577	-3.6654802579954042	-3.72023274768837	0.0005180606533043786	0.00022155311433566955	0.0010524464254502435	0.0003991215367158005	0.0009501189440036151	0.0004706761578436479	0.0016634410582589394	0.0008331792799559366	1.0113021820718038	0.4771897810218978	chr2	117000000	117500000
45	1.1696739603444581	1.168806032166854	1.1711455804901685	1.1693721143604052	-0.11754882807579736	-0.11902044822150759	-0.11668089989819319	-0.11724698209174433	0.5724233473510669	0.5719815029021318	0.5730560351987215	0.5723279256517073	0.036725569697553556	0.036092881849899006	0.03716741414648872	0.03682099139691325	-0.16160416760773377	-0.44241088668922757	0.051072562772995767	-0.12753917325735165	3.2726289209487596	2.6714741936816777	3.8431450667694733	3.287948211671943	0.004751635465866433	0.0024324524452061613	0.010543831380402192	0.003015129018928689	0.9417545765946386	0.8415169147295674	0.9886274269891875	0.9684369823298997	1.052125132268661	0.6091489170486205	chr14	56000000	56500000
46	1.000249693074727	0.9999766501688484	1.000541202573959	1.00024045977805	0.007475958038303004	0.0071844485390708535	0.007749000944181517	0.007485191334979824	0.669382254233366	0.6681738134921608	0.6711138725961979	0.6691206654225526	0.031159612651410623	0.029427994288578674	0.032368053392615836	0.03142120146222399	-0.8735210067167094	-0.9708429228168516	-0.7783391670836401	-0.8724509684831729	-3.805027946758027	-3.897325344736892	-3.7264323032749287	-3.798177069510144	0.0021746729336551947	0.0010612932963022781	0.004126980130985006	0.001755209153666747	0.0008790506366262252	0.00042846484938469835	0.0015288827981133663	0.0007794274495034183	1.00772565111303	0.7005418668847766	chr8	87000000	87500000
47	0.8308254258049954	0.8289085694857005	0.8322763729810638	0.8310583803766087	-0.0030805265285168693	-0.004531473704585287	-0.001163670209221923	-0.0033134811001301334	0.601962928653857	0.6010871118389441	0.6032191678319873	0.6017727174722485	0.013981051954815221	0.012724812776685024	0.014856868769728138	0.014171263136423862	-2.838326610058127	-2.9106162712856873	-2.7831066289561512	-2.829791769995334	-3.877431237964753	-3.9965279125200937	-3.776890638021581	-3.868153200658668	0.0003106195446434042	0.0001306908233022306	0.0005931977794262316	0.00025929478792257726	0.0008174535582883895	0.0003880003086511104	0.0014018849225504461	0.0007399645009760008	0.8277448992764785	0.6159439806086723	chr1	25500000	26000000
48	0.8308254258049954	0.8289085694857005	0.8322763729810638	0.8310583803766087	-0.03684126983863445	-0.03829221701470287	-0.0349244135193395	-0.037074224410247714	0.601962928653857	0.6010871118389441	0.6032191678319873	0.6017727174722485	0.021448860556724098	0.0201926213785939	0.022324677371637014	0.021639071738332738	-2.2953515224464702	-2.3668703501318786	-2.238187877769109	-2.2881739309424463	-2.4018024041471766	-2.495811942424238	-2.330995520156286	-2.3902010770040913	0.0005327315721244097	0.0002326642961405503	0.0010217517018128136	0.0004382551452721376	0.0035886927477129663	0.0019080708320562793	0.006347920434625966	0.0030493898620848102	0.793984155966361	0.6234117892105812	chr9	69000000	69500000
49	0.8308254258049954	0.8289085694857005	0.8322763729810638	0.8310583803766087	-0.0062030432508223265	-0.007653990426890744	-0.00428618693152738	-0.006435997822435591	0.601962928653857	0.6010871118389441	0.6032191678319873	0.6017727174722485	-0.00410016149975137	-0.005356400677881568	-0.003224344684838454	-0.00390995031814273	-3.209305741404031	-3.2458742826736735	-3.167093427508153	-3.212127627717149	-3.8453244827407875	-3.9734149883938343	-3.742666222073427	-3.832608360247945	0.00021843999345972563	8.999088781111373e-05	0.000436482095364331	0.0001736434953317289	0.0008445731389996987	0.0003970725697180598	0.0014433711438416397	0.000768924421219548	0.8246223825541731	0.5978627671541057	chr6	2000000	2500000
50	1.000249693074727	0.9999766501688484	1.000541202573959	1.00024045977805	0.012020128824689919	0.011728619325457768	0.01229317173056843	0.012029362121366738	0.5	0.5	0.5	0.5	-0.009514829418823922	-0.009514829418823922	-0.009514829418823922	-0.009514829418823922	-3.050872552544255	-3.080715884287189	-3.011926588881588	-3.055423868504121	-3.701273019059155	-3.772006326254874	-3.6449191527639124	-3.6940832986089163	0.0002547549678474268	0.00010615144671743715	0.0005048738169503188	0.0002039973038609757	0.0009752213368266736	0.000485669194011491	0.0017109037438107987	0.0008521562047422022	1.0122698218994168	0.4904851705811761	chrX	23000000	23500000
51	0.8308254258049954	0.8289085694857005	0.8322763729810638	0.8310583803766087	-0.004590235738600401	-0.006041182914668819	-0.002673379419305455	-0.004823190310213665	0.601962928653857	0.6010871118389441	0.6032191678319873	0.6017727174722485	0.010651179229960367	0.00939494005183017	0.011526996044873283	0.010841390411569007	-3.024460939937704	-3.098012573178327	-2.9576197168555343	-3.021105734858477	-3.8647619462304776	-3.988749975353339	-3.7626301453393607	-3.8538338321146055	0.0002580681038875542	0.00010747142523643225	0.0004918292311004085	0.00021648587960668798	0.0008280984888095206	0.00039102991745259934	0.0014174974349142767	0.0007519333014356035	0.826235190066395	0.6126141078838174	chr13	28500000	29000000
52	1.000249693074727	0.9999766501688484	1.000541202573959	1.00024045977805	0.01352090487359911	0.013229395374366959	0.013793947779477622	0.01353013817027593	0.5	0.5	0.5	0.5	-0.012607626076260758	-0.012607626076260758	-0.012607626076260758	-0.012607626076260758	-2.9125452752108787	-2.9300533650632747	-2.8910787062260326	-2.9145245147771033	-3.656676727512882	-3.718444030487716	-3.6096331552707985	-3.6493148621465066	0.0002932177710129814	0.0001234121215356796	0.0005867315356667468	0.00023136371342474964	0.0010197529990705909	0.0005123920307689802	0.0017951188718456255	0.000885750546833879	1.013770597948326	0.48739237392373924	chr1	215000000	215500000
53	0.9155375594398611	0.9144678222368173	0.9164087877775113	0.9156368138725579	-0.07898295498334368	-0.07985418332099392	-0.07791321778029991	-0.07908220941604044	0.5462639326828834	0.5459033217045457	0.5467808985021673	0.5461857552624103	0.10373606731711665	0.10321910149783275	0.10409667829545433	0.10381424473758977	1.1267897619811509	1.0933762235171454	1.1603815310710228	1.1267006466682177	1.6723575398139143	1.066640159234653	2.30483704110875	1.6589764794561266	0.01657484074235453	0.007375833799715264	0.03335101088692442	0.012786259141389214	0.21490492345907553	0.08640395762903723	0.37048818730257804	0.20136377445234338	0.8365546044565174	0.65	chr22	41500000	42000000
54	0.8308254258049954	0.8289085694857005	0.8322763729810638	0.8310583803766087	0.0070874230849444775	0.00563647590887606	0.009004279404239424	0.006854468513331213	0.601962928653857	0.6010871118389441	0.6032191678319873	0.6017727174722485	-0.002357405971411347	-0.0036136451495415445	-0.0014815891564984307	-0.0021671947898027066	-3.1699266961795356	-3.2066191992439066	-3.125296552626402	-3.173895516423917	-3.823116516361099	-3.883361468652293	-3.760773370466036	-3.824165613163034	0.00022662412214344974	9.359374011100197e-05	0.00045013986623535965	0.00018138144111371868	0.0008614446052867969	0.0004344898477123401	0.0015084624849560945	0.0007514130442393765	0.8379128488899399	0.5996055226824457	chr12	97500000	98000000
55	1.000249693074727	0.9999766501688484	1.000541202573959	1.00024045977805	-0.040318516255920894	-0.040610025755153045	-0.04004547335004238	-0.040309282959244075	0.669382254233366	0.6681738134921608	0.6711138725961979	0.6691206654225526	-0.0229194686769916	-0.02465108703982355	-0.021711027935786387	-0.022657879866178232	-2.0621746269484644	-2.256195039872381	-1.8112069706941947	-2.0906482486136415	-2.0905612730691305	-2.3097462590785502	-1.908152092780238	-2.0721733702088674	0.0007501765480551329	0.0003275970993302486	0.001781012260762033	0.000446048416064125	0.0049105401006820015	0.0029524846271106555	0.009076961315113194	0.0038063572302520794	0.959931176818806	0.6464627855563744	chr11	108000000	108500000
56	1.3390982276141898	1.3370708617597493	1.3422640859924022	1.3385289813523036	0.06513363103270087	0.06196777265448827	0.06716099688714117	0.06570287729458701	0.626520067753774	0.6258458578413996	0.6274849765318109	0.6263747183209427	-0.02605622630321519	-0.027021135081252146	-0.02538201639084081	-0.025910876870383903	-1.8028760785853624	-1.9747592443826605	-1.6156750734378056	-1.8105349982604917	0.18485169936125934	-0.21290937341246963	0.3874351977846793	0.28244048653641385	0.0009460258385514414	0.0004230191849063023	0.0021656353567909067	0.0005977244062542782	0.04894261249954045	0.024034347378322513	0.09108636497547445	0.04032486882218242	1.4042318586468905	0.6004638414505588	chr7	137000000	137500000
57	0.8308254258049954	0.8289085694857005	0.8322763729810638	0.8310583803766087	-0.01784535782008878	-0.0192963049961572	-0.015928501500793835	-0.018078312391702045	0.601962928653857	0.6010871118389441	0.6032191678319873	0.6017727174722485	0.007005399975807375	0.0057491607976771775	0.007881216790720291	0.007195611157416015	-3.1869878615155542	-3.2558779834603335	-3.111404532018227	-3.1903344652918286	-3.5278438964894527	-3.651485895058997	-3.456474101321768	-3.5017077947885227	0.00021986253256699233	9.05866222411841e-05	0.0004200048062653457	0.00018442935088071983	0.001161289489992525	0.000547875544499064	0.0019845734719130064	0.001056354471779015	0.8129800679849066	0.6089683286296644	chr16	81000000	81500000
58	1.000249693074727	0.9999766501688484	1.000541202573959	1.00024045977805	0.004149530688342978	0.0038580211891108274	0.0044225735942214905	0.004158763985019798	0.5	0.5	0.5	0.5	-0.004590426954273974	-0.004590426954273974	-0.004590426954273974	-0.004590426954273974	-3.234703245867209	-3.280048411892329	-3.1737191596726504	-3.242522705951928	-3.850676030869036	-3.9532456434010195	-3.7616566556318327	-3.8439009122216463	0.00021141359316265788	8.696748293685463e-05	0.00041383600133973323	0.00017242544418702186	0.0008397807422324512	0.00040516257415819883	0.0014538427922698046	0.0007500588012509008	1.00439922376307	0.495409573045726	chr16	5500000	6000000
59	0.8308254258049954	0.8289085694857005	0.8322763729810638	0.8310583803766087	0.05938184082193332	0.0579308936458649	0.061298697141228264	0.059148886250320054	0.601962928653857	0.6010871118389441	0.6032191678319873	0.6017727174722485	-0.007790359432994248	-0.009046598611124446	-0.006914542618081332	-0.007600148251385608	-3.1226505032301057	-3.145671473800773	-3.102341110008952	-3.1212947145553493	-0.2917725307728616	-0.934235727587807	0.39774251661743154	-0.3152984560605354	0.00023999839042055402	9.94754845659106e-05	0.0004897049310315364	0.00018540657304238453	0.032159937384285145	0.011683266376547926	0.0642956708460671	0.026330406157262773	0.8902072666269287	0.5941725692208628	chr4	21500000	22000000
60	1.000249693074727	0.9999766501688484	1.000541202573959	1.00024045977805	-0.006841082470265963	-0.007132591969498114	-0.006568039564387451	-0.006831849173589144	0.5	0.5	0.5	0.5	0.0021560172481379647	0.0021560172481379647	0.0021560172481379647	0.0021560172481379647	-3.216004893314995	-3.259986375085477	-3.1569767968689177	-3.223528200652793	-3.816620753625284	-3.918832983025533	-3.7294827801355375	-3.8090836256700324	0.00021545200561529668	8.872984697657423e-05	0.00042220426372199126	0.0001754369558813106	0.0008681131550333989	0.00041934797503907523	0.0014971216455169935	0.0007779914997887636	0.993408610604461	0.502156017248138	chr20	11500000	12000000
61	0.8308254258049954	0.8289085694857005	0.8322763729810638	0.8310583803766087	-0.020299063838181697	-0.021750011014250115	-0.01838220751888675	-0.02053201840979496	0.601962928653857	0.6010871118389441	0.6032191678319873	0.6017727174722485	0.0016293196524293785	0.0003730804742991811	0.002505136467342295	0.001819530834038019	-3.2605481477943092	-3.310417380071483	-3.1940370060539607	-3.2688691025258962	-3.4225806498667217	-3.5379150565920874	-3.3554405678585346	-3.398483487508132	0.00020568436957184278	8.436607124093844e-05	0.00040032908823964735	0.0001690211594033927	0.0012902716446346882	0.0006137692180008495	0.00221037898549099	0.001168469187523457	0.8105263619668137	0.6035922483062864	chr7	11000000	11500000
62	1.000249693074727	0.9999766501688484	1.000541202573959	1.00024045977805	-0.008303873146479762	-0.008595382645711913	-0.00803083024060125	-0.008294639849802943	0.5	0.5	0.5	0.5	-0.008411981945014357	-0.008411981945014357	-0.008411981945014357	-0.008411981945014357	-3.010721307960254	-3.0400385646432113	-2.972693845731534	-3.0150764107331343	-3.7907368675287123	-3.8889357240918923	-3.7080454378725154	-3.782983154075221	0.00026521555755540464	0.00011055842748008485	0.0005258239532125295	0.00021223992476450203	0.0008906953349010047	0.00043207462809469513	0.0015373384501210818	0.0007966841306941207	0.9919458199282472	0.49158801805498564	chr6	123500000	124000000
63	1.1696739603444581	1.168806032166854	1.1711455804901685	1.1693721143604052	-0.018034464425749186	-0.019506084571459414	-0.017166536248145015	-0.017732618441696157	0.717270042053201	0.7159445087063954	0.7191681055961647	0.7169837769551217	-0.019304470848193117	-0.021202534391156935	-0.01797893750138757	-0.01901820575011398	-2.486471077908237	-2.540121919662176	-2.4063616573939193	-2.499700367288427	-3.501621748772148	-3.5413176067794656	-3.4725632567245697	-3.4963030657922785	0.00046097315026511463	0.00019542793877790453	0.0009821877492550413	0.00033313845651375634	0.0011844424459532812	0.0006552198255853919	0.002110184333984066	0.0009861828121218335	1.151639495918709	0.6979655712050078	chr9	92000000	92500000
64	1.000249693074727	0.9999766501688484	1.000541202573959	1.00024045977805	0.0226691378069723	0.02237762830774015	0.022942180712850813	0.02267837110364912	0.5	0.5	0.5	0.5	-0.0029880478087649376	-0.0029880478087649376	-0.0029880478087649376	-0.0029880478087649376	-3.0790271427685436	-3.11318422693555	-3.0340658640066778	-3.084429240065974	-3.278201801762884	-3.3074128556256737	-3.234668576153368	-3.2853628876362464	0.00024749272166181996	0.00010276023657000248	0.0004888120462269418	0.0001991993019251678	0.001491043705480991	0.0008046676835383158	0.002691704871040646	0.0012339011336725014	1.0229188308816992	0.49701195219123506	chr11	60500000	61000000
65	1.000249693074727	0.9999766501688484	1.000541202573959	1.00024045977805	0.037105278438079176	0.036813768938847025	0.03737832134395769	0.037114511734755995	0.5	0.5	0.5	0.5	-0.014089729328883971	-0.014089729328883971	-0.014089729328883971	-0.014089729328883971	-2.8264678848836438	-2.837624049199908	-2.8140899311737044	-2.8270787795804813	-2.3433241815923944	-2.548502978213169	-2.16557703960704	-2.3296083542746837	0.0003199698635225727	0.0001353628095988346	0.000643410930071051	0.0002505528572102026	0.003838265197197857	0.002325395990903152	0.007257796317995928	0.0028849342399461736	1.037354971512806	0.48591027067111603	chr19	13000000	13500000
66	0.8308254258049954	0.8289085694857005	0.8322763729810638	0.8310583803766087	-0.01745841178143004	-0.018909358957498457	-0.015541555462135093	-0.017691366353043303	0.601962928653857	0.6010871118389441	0.6032191678319873	0.6017727174722485	-0.017706083803791822	-0.01896232298192202	-0.016830266988878906	-0.017515872622183182	-2.5669411911750823	-2.6477917031696867	-2.446107282785099	-2.586932889372772	-3.5432634004352823	-3.667990192757088	-3.469900023888985	-3.5175816925475285	0.00043089880208872864	0.00018477081925772276	0.000943915694398432	0.00029745434734937984	0.0011435075685357408	0.0005389074530056989	0.001953574379987281	0.0010407742205749918	0.8133670140235654	0.5842568448500652	chr16	87000000	87500000
67	0.8308254258049954	0.8289085694857005	0.8322763729810638	0.8310583803766087	-0.010448477259108024	-0.011899424435176442	-0.008531620939813078	-0.010681431830721289	0.601962928653857	0.6010871118389441	0.6032191678319873	0.6017727174722485	0.012216929884371258	0.01096069070624106	0.013092746699284175	0.012407141065979899	-2.94737690114711	-3.0231192554541018	-2.884855766307414	-2.940766291413462	-3.7652351017525194	-3.8985796523376255	-3.666942461733261	-3.747709146469595	0.000278443821369291	0.00011656043182352848	0.0005300783801604236	0.00023356823674660596	0.0009154901320299131	0.0004279277595757991	0.0015609001728218825	0.0008365662978609852	0.8203769485458874	0.6141798585382283	chr17	13000000	13500000
68	1.000249693074727	0.9999766501688484	1.000541202573959	1.00024045977805	-0.029625351382735726	-0.029916860881967877	-0.029352308476857214	-0.029616118086058907	0.5	0.5	0.5	0.5	0.0024630541871921707	0.0024630541871921707	0.0024630541871921707	0.0024630541871921707	-2.3520216743649316	-2.36209325538689	-2.3420877730181893	-2.351952834527323	-2.8786781510305315	-2.9607211837031846	-2.8242611070389954	-2.864865156689973	0.0005142941821870691	0.00021778088571963275	0.001034883128241267	0.00040225635739368835	0.0022167444797893676	0.0012529711634146044	0.003981202602353301	0.0018164020766947824	0.9706243416919912	0.5024630541871922	chr4	73000000	73500000
69	0.8308254258049954	0.8289085694857005	0.8322763729810638	0.8310583803766087	-0.009449152787028403	-0.010900099963096821	-0.007532296467733457	-0.009682107358641667	0.601962928653857	0.6010871118389441	0.6032191678319873	0.6017727174722485	-0.005414037938984456	-0.0066702771171146535	-0.00453822112407154	-0.005223826757375816	-2.9601689311569155	-2.9820449129349864	-2.9372467441287675	-2.960692033781953	-3.7878347134977863	-3.920663646968114	-3.687770035010945	-3.7714525860060437	0.00028059438756860314	0.00011715967973660219	0.000565187974183819	0.00022001494817699567	0.0008949374563628088	0.00041858099208000186	0.0015263243203198942	0.0008174222565256697	0.821376273017967	0.5965488907148726	chr5	41500000	42000000
70	0.8308254258049954	0.8289085694857005	0.8322763729810638	0.8310583803766087	-0.015498836685456707	-0.016949783861525125	-0.013581980366161761	-0.01573179125706997	0.601962928653857	0.6010871118389441	0.6032191678319873	0.6017727174722485	-0.014760431580115335	-0.016016670758245533	-0.013884614765202419	-0.014570220398506695	-2.7627748745707317	-2.8074276410729313	-2.697689759443265	-2.772991048883366	-3.616335328293013	-3.7455938426356568	-3.533846615089768	-3.5929504277233137	0.00034809978233134764	0.00014703711645349654	0.0007339598880719685	0.0002557010623999627	0.0010628535636606033	0.0004986678311213316	0.0018134810877774702	0.0009696326678718057	0.8153265891195387	0.5872024970737417	chr4	138000000	138500000
71	1.000249693074727	0.9999766501688484	1.000541202573959	1.00024045977805	0.03436567050914194	0.03407416100990979	0.03463871341502045	0.03437490380581876	0.669382254233366	0.6681738134921608	0.6711138725961979	0.6691206654225526	-0.010512858521865037	-0.012244476884696986	-0.009304417780659824	-0.01025126971105167	-3.0037699938218525	-3.0525293575292762	-2.933719007189831	-3.014415805284151	-2.5492747655800136	-2.716955038429962	-2.406983169801819	-2.5365804270441368	0.0002742666244784007	0.00011443864825746685	0.0005796503813257462	0.00020148873416519483	0.0031141454018720613	0.0019017900968367322	0.005837685318284128	0.002358553096183692	1.0346153635838689	0.6588693957115009	chr14	89500000	90000000
72	1.000249693074727	0.9999766501688484	1.000541202573959	1.00024045977805	0.025725015012129954	0.025433505512897803	0.025998057918008466	0.025734248308806773	0.5	0.5	0.5	0.5	0.004816375677302864	0.004816375677302864	0.004816375677302864	0.004816375677302864	-3.1329241762116737	-3.170514648368375	-3.083021366004953	-3.1390803452366844	-3.112843116396136	-3.1743070142470877	-3.0585152497102364	-3.10927510081361	0.00023436785946951325	9.703464240752407e-05	0.000461627592189576	0.00018940460164047648	0.0017612492500923694	0.0009788992731765633	0.0032101834991698146	0.0014279571140115505	1.0259747080868569	0.5048163756773029	chr1	154000000	154500000
73	0.8308254258049954	0.8289085694857005	0.8322763729810638	0.8310583803766087	0.0017684319394888348	0.000317484763420417	0.003685288258783781	0.0015354773678755707	0.601962928653857	0.6010871118389441	0.6032191678319873	0.6017727174722485	-0.03830409058216358	-0.03956032976029378	-0.037428273767250664	-0.03811387940055494	-0.3032205532285863	-0.6880646881714227	0.07613921690888681	-0.3004783708259047	-3.8818381866406013	-3.97841120692218	-3.7935900435941106	-3.8776757480230577	0.0046186158643833014	0.002182531423688904	0.01175793199319308	0.0022670000203256105	0.000813084720143065	0.0003950936560472121	0.0014059122750866332	0.0007256664747192071	0.8325938577444842	0.5636588380716935	chr16	60000000	60500000
74	1.1696739603444581	1.168806032166854	1.1711455804901685	1.1693721143604052	-0.00415390620100442	-0.005625526346714649	-0.003285978023400249	-0.0038520602169513918	0.5724233473510669	0.5719815029021318	0.5730560351987215	0.5723279256517073	-0.0017878469858368107	-0.0024205348334913612	-0.001346002536901647	-0.0016924252864771172	-3.2531283996936953	-3.2982568778974404	-3.1939652321754366	-3.260145744350952	-3.865631449579142	-3.9528056343479543	-3.7831995756662753	-3.8632602941511696	0.00020783407720988305	8.539826833127045e-05	0.0004082025891971159	0.00016886772565557288	0.0008256561207351742	0.00040534088858589596	0.0014292021670196675	0.0007340407136675667	1.1655200541434538	0.5706355003652301	chr5	22500000	23000000
75	0.8308254258049954	0.8289085694857005	0.8322763729810638	0.8310583803766087	0.0007846883448909825	-0.0006662588311774353	0.0027015446641859286	0.0005517337732777183	0.601962928653857	0.6010871118389441	0.6032191678319873	0.6017727174722485	-0.006161098172360796	-0.007417337350490993	-0.00528528135744788	-0.0059708869907521556	-3.2006141903163785	-3.231989885931025	-3.168584097020677	-3.200941389156906	-3.8854229883920612	-3.987397701973423	-3.7937984240029943	-3.8802479137959143	0.00022131407376691257	9.12490713481241e-05	0.0004473589632734408	0.00017332413022304273	0.0008103348759390018	0.0003915590544890519	0.0013984457988774886	0.0007256673251947334	0.8316101141498864	0.5958018304814963	chr8	5500000	6000000
76	1.1696739603444581	1.168806032166854	1.1711455804901685	1.1693721143604052	0.007113797484543771	0.005642177338833543	0.007981725662147943	0.0074156434685968	0.5724233473510669	0.5719815029021318	0.5730560351987215	0.5723279256517073	-0.0071504459785805274	-0.007783133826235078	-0.006708601529645364	-0.007055024279220834	-3.0795001817737218	-3.1078266657252946	-3.0461948885435035	-3.0819895864130444	-3.8321254385097308	-3.9549361343316267	-3.7356503505384184	-3.8189576345844385	0.000248593392083655	0.00010331225825197135	0.0004976240535555451	0.00019671862826355172	0.0008567798306296577	0.0004044782291036914	0.001475304378243405	0.0007736683575857673	1.176787757829002	0.5652729013724864	chr18	33000000	33500000
77	1.000249693074727	0.9999766501688484	1.000541202573959	1.00024045977805	-0.03083317208161576	-0.031124681580847913	-0.03056012917573725	-0.030823938784938942	0.5	0.5	0.5	0.5	-0.005102040816326536	-0.005102040816326536	-0.005102040816326536	-0.005102040816326536	-3.135050579429042	-3.1727481699708644	-3.0849912527102887	-3.141231447517508	-2.7994699531516183	-2.8956058579624475	-2.7319341062604074	-2.785169924191809	0.00023386576639223706	9.681815529183943e-05	0.0004605992745566696	0.00018902281786021958	0.0024005596814751498	0.00137416278548894	0.004325276564315838	0.00195139968804791	0.9694165209931112	0.49489795918367346	chr16	3500000	4000000
78	0.8308254258049954	0.8289085694857005	0.8322763729810638	0.8310583803766087	0.0077443949030605586	0.006293447726992141	0.009661251222355505	0.007511440331447294	0.601962928653857	0.6010871118389441	0.6032191678319873	0.6017727174722485	0.006219272948842253	0.004963033770712055	0.007095089763755169	0.006409484130450893	-3.194001393741778	-3.2578047800916687	-3.1205582982683	-3.1988212483035707	-3.811284600088709	-3.8662314419063506	-3.753020460191059	-3.812943249128713	0.00021861147065112486	9.002383148302951e-05	0.00041919632156241807	0.00018261286477952595	0.0008716209704504522	0.000441996783865688	0.0015290186088466689	0.000757734244544726	0.838569820708056	0.6081822016026993	chr7	15500000	16000000
79	1.000249693074727	0.9999766501688484	1.000541202573959	1.00024045977805	-0.008462355995621867	-0.008753865494854018	-0.008189313089743355	-0.008453122698945048	0.5	0.5	0.5	0.5	-0.014812048792631316	-0.014812048792631316	-0.014812048792631316	-0.014812048792631316	-2.780011099830566	-2.7894481476615436	-2.770218570629625	-2.780188840515547	-3.7876347811096185	-3.8853439768192413	-3.705483152126579	-3.779855997746327	0.0003352983287059906	0.00014204367115625943	0.0006751248071812116	0.00026201241824324564	0.0008934422465055768	0.00043362932132293825	0.0015422460808334642	0.0007989467919329524	0.991787337079105	0.4851879512073687	chr1	214500000	215000000
80	1.000249693074727	0.9999766501688484	1.000541202573959	1.00024045977805	0.006493043794973258	0.006201534295741107	0.00676608670085177	0.006502277091650077	0.5	0.5	0.5	0.5	0.005711775043936718	0.005711775043936718	0.005711775043936718	0.005711775043936718	-3.063221854841146	-3.09624153969696	-3.0198894480831058	-3.068378215792259	-3.8212033892019504	-3.9170294544441298	-3.7390041838120256	-3.8143899592758226	0.0002514855503029207	0.00010451610367004195	0.000497146137226069	0.00020213998015778593	0.0008649364960259941	0.00042010496351760124	0.0015020424024098794	0.0007687993090882477	1.0067427368697002	0.5057117750439367	chr20	33000000	33500000
81	1.000249693074727	0.9999766501688484	1.000541202573959	1.00024045977805	-0.025492229665474514	-0.025783739164706665	-0.025219186759596002	-0.025482996368797695	0.5	0.5	0.5	0.5	-0.005872622001654282	-0.005872622001654282	-0.005872622001654282	-0.005872622001654282	-3.169315474252506	-3.2092396703650596	-3.1160468805433386	-3.175987673050812	-3.1290579119251114	-3.1661629539350136	-3.1052600431732778	-3.1224043252960767	0.00022590280954245626	9.334880148538127e-05	0.00044412567771523134	0.00018306837948460624	0.0017240562823793498	0.0009355106778616337	0.0030635773657232035	0.001448568542966281	0.9747574634092524	0.4941273779983457	chrX	41000000	41500000
82	1.000249693074727	0.9999766501688484	1.000541202573959	1.00024045977805	0.0031985862371606	0.002907076737928449	0.003471629143039112	0.0032078195338374194	0.5	0.5	0.5	0.5	-0.0035211267605633756	-0.0035211267605633756	-0.0035211267605633756	-0.0035211267605633756	-3.1148824597409464	-3.15134165132916	-3.0666098845203997	-3.120789151557113	-3.8589650431454077	-3.9635935317162314	-3.7678964493050184	-3.8521850957801904	0.0002386808797018472	9.891303700439443e-05	0.00047054665676286167	0.0001926319125200663	0.0008328255980893166	0.00040099161462140917	0.001440308141965313	0.000745001317885272	1.0034482793118875	0.4964788732394366	chr3	48000000	48500000
83	1.000249693074727	0.9999766501688484	1.000541202573959	1.00024045977805	0.03440545266672476	0.03411394316749261	0.034678495572603274	0.03441468596340158	0.5	0.5	0.5	0.5	0.010624493106244914	0.010624493106244914	0.010624493106244914	0.010624493106244914	-3.007222041987122	-3.03314740240012	-2.97382693709498	-3.0109569142266928	-2.5463729050182553	-2.714586299636715	-2.4035772710622973	-2.5336640246870044	0.00026631036500660303	0.00011132293468737698	0.0005294029337468948	0.0002122577957960702	0.0031233240142508464	0.0019082784443856054	0.005855639646144807	0.0023646889832364864	1.0346551457414517	0.5106244931062449	chr2	80000000	80500000
84	0.8308254258049954	0.8289085694857005	0.8322763729810638	0.8310583803766087	-0.015277949902965937	-0.016728897079034355	-0.013361093583670991	-0.015510904474579201	0.601962928653857	0.6010871118389441	0.6032191678319873	0.6017727174722485	0.021696479860930123	0.020440240682799926	0.02257229667584304	0.021886691042538764	-2.3205075872459426	-2.390564032474167	-2.265335401797688	-2.313065457355958	-3.62404266982059	-3.753710266146765	-3.540628236056473	-3.6009160885395612	0.0005200725246447531	0.00022536461057355353	0.0009978271906799885	0.00042854914866273525	0.00105468287509962	0.0004946368126680933	0.001799342806376796	0.0009623759406767955	0.8155474759020295	0.6236594085147872	chr17	19500000	20000000
85	1.000249693074727	0.9999766501688484	1.000541202573959	1.00024045977805	-0.013525190957536709	-0.01381670045676886	-0.013252148051658197	-0.01351595766085989	0.5	0.5	0.5	0.5	0.0031423290203327348	0.0031423290203327348	0.0031423290203327348	0.0031423290203327348	-3.1279512718729876	-3.1653073345355036	-3.0783919408624563	-3.1340529060469957	-3.658254254790181	-3.734798759714227	-3.5991968901234186	-3.6495106846615393	0.00023554564405616632	9.754125013113495e-05	0.0004640341744764146	0.00019030357580855785	0.001016080428032223	0.0005040801523771444	0.0017631599569682002	0.0008985408013917738	0.9867245021171902	0.5031423290203327	chr2	146000000	146500000
86	1.000249693074727	0.9999766501688484	1.000541202573959	1.00024045977805	0.015235597632839964	0.014944088133607814	0.015508640538718477	0.015244830929516784	0.669382254233366	0.6681738134921608	0.6711138725961979	0.6691206654225526	-0.015996667470901366	-0.017728285833733315	-0.014788226729696152	-0.015735078660087998	-2.6681332296577853	-2.777660627342626	-2.505344849192234	-2.6947637210481403	-3.599555416895697	-3.6499993508171977	-3.564302078965163	-3.5919601189002144	0.0003956162801995785	0.0001682916066374487	0.0008896243446575586	0.00026227458475165335	0.001079809865126956	0.0005486905913864984	0.0019087917377007182	0.0009308785657103035	1.0154852907075669	0.6533855867624646	chr11	129500000	130000000
87	1.1696739603444581	1.168806032166854	1.1711455804901685	1.1693721143604052	-0.006288137493121959	-0.007759757638832188	-0.005420209315517788	-0.005986291509068931	0.5724233473510669	0.5719815029021318	0.5730560351987215	0.5723279256517073	0.004163085909326875	0.003530398061672324	0.004604930358262038	0.004258507608686568	-3.0605037694475037	-3.095460359476389	-3.0135140502081104	-3.066520334052757	-3.8383645422625277	-3.9125950384668773	-3.765186041809332	-3.8378385443869503	0.0002517032153941625	0.00010459778148135184	0.0004950506605758485	0.00020358220975972478	0.0008478662176551477	0.0004219720202736117	0.0014720948599443058	0.0007486989952013365	1.1633858228513363	0.5765864332603938	chrX	140000000	140500000
88	1.000249693074727	0.9999766501688484	1.000541202573959	1.00024045977805	-0.017250238991117467	-0.017541748490349618	-0.016977196085238955	-0.017241005694440648	0.5	0.5	0.5	0.5	-0.0008617718028265942	-0.0008617718028265942	-0.0008617718028265942	-0.0008617718028265942	-3.2358829934708053	-3.281529823351976	-3.1744863797163987	-3.2437578854074234	-3.526293531461472	-3.580679106611834	-3.491215745293073	-3.516639636970491	0.0002111538510308937	8.683874369245535e-05	0.0004132274492797404	0.00017227460557568957	0.0011588639371511995	0.0005880752647741678	0.0020228209629761617	0.001012279760427234	0.9829994540836094	0.4991382281971734	chr3	142500000	143000000
89	0.8308254258049954	0.8289085694857005	0.8322763729810638	0.8310583803766087	0.01315530047213831	0.011704353296069891	0.015072156791433255	0.012922345900525045	0.601962928653857	0.6010871118389441	0.6032191678319873	0.6017727174722485	0.0038108526996687153	0.002554613521538518	0.004686669514581632	0.004001063881277356	-3.101782222371683	-3.1416862394164884	-3.047758918675724	-3.1088418656972587	-3.6761710392569555	-3.716035905023061	-3.6490079806558313	-3.6698201356744655	0.00024106645272560333	9.987270867726038e-05	0.00047107568521523313	0.0001966587085049599	0.0009974666345268421	0.0005318912017595914	0.001778615707649849	0.0008396798143489642	0.8439807262771337	0.6057737813535258	chr13	54000000	54500000
90	1.000249693074727	0.9999766501688484	1.000541202573959	1.00024045977805	-0.012387681083268959	-0.01267919058250111	-0.012114638177390447	-0.01237844778659214	0.5	0.5	0.5	0.5	0.0036855036855036882	0.0036855036855036882	0.0036855036855036882	0.0036855036855036882	-3.2231135811021314	-3.267617136018277	-3.1633375135808848	-3.230749837404681	-3.6923969704044	-3.774615290933207	-3.6271771499143517	-3.683897720385021	0.00021390750611931486	8.805534747184903e-05	0.0004190016384980401	0.0001742865192536852	0.0009821385779657638	0.00048440375170389206	0.0017017577691912286	0.000871196395483967	0.987862011991458	0.5036855036855037	chr1	217500000	218000000
91	1.1696739603444581	1.168806032166854	1.1711455804901685	1.1693721143604052	-0.06796331292492164	-0.06943493307063187	-0.06709538474731747	-0.06766146694086861	0.5724233473510669	0.5719815029021318	0.5730560351987215	0.5723279256517073	-0.021964631754736647	-0.022597319602391197	-0.021522787305801483	-0.021869210055376953	-2.299445417135947	-2.308535168611505	-2.284812467714324	-2.3022170161089797	0.5935162687252782	-0.11916627458896789	1.3636142117795509	0.5648085688552649	0.0005445700752571103	0.0002310674740969074	0.0011091305182337615	0.00041904115434888625	0.07758268990166281	0.026396384415871617	0.1475990431932072	0.0681676659987862	1.1017106474195366	0.5504587155963303	chr1	39000000	39500000
92	1.1696739603444581	1.168806032166854	1.1711455804901685	1.1693721143604052	-0.0352950737344121	-0.036766693880122325	-0.034427145556807925	-0.03499322775035907	0.5724233473510669	0.5719815029021318	0.5730560351987215	0.5723279256517073	-0.07242334735106695	-0.0730560351987215	-0.07198150290213179	-0.07232792565170726	-1.190406372439342	-1.1954996429531368	-1.180801242305379	-1.1926623022494263	-2.4839535982334366	-2.7114816816008593	-2.2265336250021175	-2.4988995431653853	0.0016477144346806712	0.0007024877703504007	0.0033454045128737176	0.0012714827277492834	0.003312810261756868	0.0019756780182467095	0.00620630482713017	0.002534629100825296	1.1343788866100462	0.5	chr8	67000000	67500000
93	0.8308254258049954	0.8289085694857005	0.8322763729810638	0.8310583803766087	-0.006158382912387794	-0.007609330088456212	-0.004241526593092848	-0.006391337484001058	0.601962928653857	0.6010871118389441	0.6032191678319873	0.6017727174722485	-0.004191340910124436	-0.005447580088254633	-0.0033155240952115195	-0.004001129728515795	-3.167035583393849	-3.2007190488016093	-3.1284510002356765	-3.169486142269056	-3.845944597610952	-3.9739371357242153	-3.743284629738702	-3.833278312490445	0.00022789290907301773	9.414758954891125e-05	0.0004559461725801811	0.00018073893708148929	0.0008440437808401376	0.000396865293454897	0.0014425231492565438	0.0007683933403245548	0.8246670428926076	0.5977715877437326	chr17	29000000	29500000
94	1.000249693074727	0.9999766501688484	1.000541202573959	1.00024045977805	-0.009980660122744484	-0.010272169621976635	-0.009707617216865971	-0.009971426826067664	0.5	0.5	0.5	0.5	0.005268703898840932	0.005268703898840932	0.005268703898840932	0.005268703898840932	-3.1990154435470552	-3.241335545341018	-3.142332222966102	-3.20619700294055	-3.7549802388204863	-3.8474598970062077	-3.678570195604294	-3.746945431335722	0.00021920409531213505	9.040026112944034e-05	0.0004301299656574359	0.000178143077230832	0.0009228919158574759	0.00045037210930487455	0.0015950128585836294	0.0008230913477706998	0.9902690329519824	0.5052687038988409	chr6	53500000	54000000
95	1.000249693074727	0.9999766501688484	1.000541202573959	1.00024045977805	-0.05073770379722356	-0.05102921329645571	-0.05046466089134505	-0.05072847050054674	0.5	0.5	0.5	0.5	0.006384065372829428	0.006384065372829428	0.006384065372829428	0.006384065372829428	-3.1189401992456034	-3.155259457741275	-3.070839534922383	-3.124830902159377	-1.1606077724691006	-1.5312616706994762	-0.834451599289646	-1.1383589099436402	0.00023772026312697493	9.852627300173156e-05	0.00046870480875744883	0.0001918249853743597	0.012626333784650536	0.0064310103125394865	0.02388962927660985	0.010092347774726403	0.9495119892775034	0.5063840653728294	chr18	26000000	26500000
96	1.000249693074727	0.9999766501688484	1.000541202573959	1.00024045977805	-0.008978254930386537	-0.009269764429618688	-0.008705212024508024	-0.008969021633709717	0.5	0.5	0.5	0.5	-0.004561534164959968	-0.004561534164959968	-0.004561534164959968	-0.004561534164959968	-3.1880048177017377	-3.229620407680679	-3.132340001007311	-3.195029431059481	-3.777134892928841	-3.8731763136177175	-3.6968185918225247	-3.769272333137561	0.0002216569775055801	9.146554039611915e-05	0.00043518904013438556	0.00017998666474590782	0.000902804868135497	0.0004389378072996573	0.0015589934243169117	0.0008066441204627096	0.9912714381443404	0.49543846583504003	chr10	16000000	16500000
97	1.000249693074727	0.9999766501688484	1.000541202573959	1.00024045977805	0.009663660537128499	0.009372151037896348	0.009936703443007011	0.009672893833805318	0.5	0.5	0.5	0.5	0.004195342698218196	0.004195342698218196	0.004195342698218196	0.004195342698218196	-3.239882893753773	-3.285732591957057	-3.178186917021602	-3.2478060330182164	-3.7609925585483523	-3.843973724965675	-3.6919711526651566	-3.7540126782812893	0.00021030403720792763	8.647454640130658e-05	0.00041149692218201106	0.00017162234012419643	0.0009186455450299672	0.0004519449239184147	0.001603911588912364	0.0008093628336445452	1.0099133536118554	0.5041953426982182	chr3	131500000	132000000
98	1.000249693074727	0.9999766501688484	1.000541202573959	1.00024045977805	0.0294102546602015	0.02911874516096935	0.029683297566080014	0.02941948795687832	0.669382254233366	0.6681738134921608	0.6711138725961979	0.6691206654225526	-0.026668411446570423	-0.028400029809402372	-0.02545997070536521	-0.026406822635757055	-1.5188168688940356	-1.8280488363776008	-1.1569517453747302	-1.5451334469119056	-2.8892114460145826	-2.9934772869169084	-2.8069066484682477	-2.878230924336587	0.001358271833922592	0.0006081777651415981	0.0034261497671030307	0.00069937990172287	0.0022073033816547402	0.0012749055790042855	0.0040715512057118396	0.0017413783709514178	1.0296599477349284	0.6427138427867956	chr11	128000000	128500000
99	1.000249693074727	0.9999766501688484	1.000541202573959	1.00024045977805	-0.029678553393860524	-0.029970062893092675	-0.02940551048798201	-0.029669320097183705	0.669382254233366	0.6681738134921608	0.6711138725961979	0.6691206654225526	-0.021476913651338442	-0.02320853201417039	-0.02026847291013323	-0.021215324840525074	-2.274015214197986	-2.410917953409613	-2.0826707903446176	-2.301236056518856	-2.8752453922370274	-2.95790048430273	-2.820258694712515	-2.8614111949664327	0.0005926739420706122	0.00025566028662420126	0.0013575995029780547	0.0003787179893400964	0.0022244077786482508	0.0012579961199096635	0.003995530597692517	0.0018220521984954113	0.9705711396808664	0.6479053405820275	chr8	98500000	99000000
100	0.8308254258049954	0.8289085694857005	0.8322763729810638	0.8310583803766087	0.002410750118876037	0.0009598029428076194	0.004327606438170983	0.002177795547262773	0.601962928653857	0.6010871118389441	0.6032191678319873	0.6017727174722485	0.005578549475856315	0.004322310297726117	0.006454366290769231	0.005768760657464955	-3.140746346025651	-3.193147145514338	-3.076960445721845	-3.1464388964332106	-3.8782683308709824	-3.971088920115328	-3.792465499538329	-3.8747594519151374	0.00023114105509407923	9.551287817279627e-05	0.00044719600688225395	0.0001909276676606333	0.000815888538517678	0.00039799726265927685	0.001412645545456158	0.0007264556729776384	0.8332361759238714	0.6075414781297134	chr1	170000000	170500000
101	0.8308254258049954	0.8289085694857005	0.8322763729810638	0.8310583803766087	-0.005622101652549061	-0.007073048828617479	-0.0037052453332541146	-0.005855056224162325	0.601962928653857	0.6010871118389441	0.6032191678319873	0.6017727174722485	-0.008748909265341026	-0.010005148443471223	-0.00787309245042811	-0.008558698083732386	-3.099738251969196	-3.122790141687534	-3.0695923424794866	-3.1032852618548814	-3.8530271017820343	-3.9797736854542753	-3.7504190147572993	-3.8409578534582813	0.00024623239117520793	0.00010224099750920697	0.0005060076540133728	0.00018834045658912597	0.0008380164450042061	0.0003945557159717999	0.0014329318652204829	0.0007622890994122709	0.8252033241524463	0.593214019388516	chr8	13000000	13500000
102	1.000249693074727	0.9999766501688484	1.000541202573959	1.00024045977805	-0.003762354654899075	-0.004053864154131226	-0.0034893117490205627	-0.0037531213582222556	0.5	0.5	0.5	0.5	-0.003042102701387217	-0.003042102701387217	-0.003042102701387217	-0.003042102701387217	-3.1842980807309074	-3.225747763388698	-3.128879027013218	-3.191282766260857	-3.85479850768482	-3.9624408182222037	-3.761494149737856	-3.847629531389611	0.0002224862474058904	9.182044065673382e-05	0.00043687537534340364	0.00018062458681171212	0.0008359059391857981	0.00040145410957745197	0.001440528830342625	0.0007508204084115575	0.9964873384198278	0.4969578972986128	chr3	56000000	56500000
103	0.8308254258049954	0.8289085694857005	0.8322763729810638	0.8310583803766087	-0.030348190275012454	-0.03179913745108087	-0.028431333955717508	-0.03058114484662572	0.601962928653857	0.6010871118389441	0.6032191678319873	0.6017727174722485	-0.006978602635048264	-0.008234841813178462	-0.006102785820135348	-0.006788391453439624	-3.163988659533458	-3.1911845561149175	-3.138446584481205	-3.1631617487688537	-2.8632013014907094	-2.9205074868006076	-2.790238951331697	-2.871029383915267	0.00022994147556892582	9.50495320021008e-05	0.00046708194072899426	0.00017881721477230411	0.0022588286480728532	0.001137998800717875	0.003935852068391052	0.001980731861591243	0.800477235529983	0.5949843260188088	chr9	18500000	19000000
104	1.000249693074727	0.9999766501688484	1.000541202573959	1.00024045977805	0.010768430077778585	0.010476920578546434	0.011041472983657097	0.010777663374455404	0.5	0.5	0.5	0.5	0.035211267605633756	0.035211267605633756	0.035211267605633756	0.035211267605633756	-0.9039324188949784	-1.0954381268323123	-0.7703367995577146	-0.8749773745949434	-3.7345715394137216	-3.8120926099035266	-3.671188623304282	-3.727502462223539	0.002271690255856351	0.0010687783540285305	0.00504325677858148	0.001487362945407697	0.00094325597136803	0.00046658557208540915	0.0016504635496337266	0.000827987381876492	1.0110181231525055	0.5352112676056338	chrX	4500000	5000000
105	1.000249693074727	0.9999766501688484	1.000541202573959	1.00024045977805	-0.016137946581602308	-0.01642945608083446	-0.015864903675723796	-0.01612871328492549	0.5	0.5	0.5	0.5	-0.00891844520053614	-0.00891844520053614	-0.00891844520053614	-0.00891844520053614	-3.0975685183168853	-3.130387037701402	-3.0543186332527092	-3.102784201156716	-3.568896684517662	-3.6304616268465537	-3.526060785513036	-3.55953216285553	0.00024300437924632944	0.00010100759011120693	0.0004804544761259795	0.0001952777253740656	0.001110667517014359	0.0005595161658877802	0.0019349619514923352	0.0009740959753386598	0.9841117464931246	0.49108155479946386	chr10	18000000	18500000
106	1.000249693074727	0.9999766501688484	1.000541202573959	1.00024045977805	0.09260717178441477	0.09231566228518262	0.09288021469029328	0.09261640508109159	0.5	0.5	0.5	0.5	-0.004199541868159851	-0.004199541868159851	-0.004199541868159851	-0.004199541868159851	-3.1632296451660444	-3.203032519318864	-3.110160302802921	-3.1698628792711974	2.6745263370121988	2.198284959211863	3.4516583625457216	2.524081013145606	0.0002272863186444164	9.393003362785646e-05	0.00044688936066137583	0.00018416294014421666	0.556947553217229	0.2679172812001746	0.7844591684200202	0.5877068816243606	1.0928568648591417	0.49580045813184015	chr12	47500000	48000000
107	1.000249693074727	0.9999766501688484	1.000541202573959	1.00024045977805	-0.012540979183852136	-0.012832488683084287	-0.012267936277973623	-0.012531745887175316	0.5	0.5	0.5	0.5	0.027493917274939217	0.027493917274939217	0.027493917274939217	0.027493917274939217	-1.7483230952309905	-1.855690766685842	-1.6703637013896886	-1.7336189564242157	-3.6879655989720304	-3.7694497948106314	-3.6235439034135846	-3.679434348831953	0.000959417948979095	0.0004328204002641854	0.0020503800327312735	0.0006772356814604605	0.0009864779026491758	0.0004869124110620987	0.0017095990476126376	0.0008747000759609836	0.9877087138908748	0.5274939172749392	chr10	91000000	91500000
108	1.000249693074727	0.9999766501688484	1.000541202573959	1.00024045977805	-0.00603574059642889	-0.006327250095661041	-0.005762697690550378	-0.006026507299752071	0.5	0.5	0.5	0.5	-0.010380622837370235	-0.010380622837370235	-0.010380622837370235	-0.010380622837370235	-3.0289294905382915	-3.0559286216188237	-2.9939503220864516	-3.0329195092239445	-3.8287473488189065	-3.9327768903202456	-3.739576444393429	-3.8213180302809766	0.00026054102145576255	0.00010881553179654049	0.0005174967516202356	0.00020792590120313704	0.0008577399371651087	0.00041354120437196793	0.0014787523808956356	0.0007693330816964154	0.994213952478298	0.48961937716262977	chr10	84500000	85000000
109	1.000249693074727	0.9999766501688484	1.000541202573959	1.00024045977805	-0.024288809886724133	-0.024580319385956284	-0.02401576698084562	-0.024279576590047314	0.669382254233366	0.6681738134921608	0.6711138725961979	0.6691206654225526	-0.003370466414112566	-0.0051020847769445155	-0.002162025672907353	-0.0031088776032991983	-3.2990320410196734	-3.3392034219498807	-3.25617304751367	-3.300375847307572	-3.1957385164334795	-3.220786389132246	-3.175012384257111	-3.1935776461722805	0.0002001836577867775	8.197212737207699e-05	0.0004017329837919454	0.00015851475999154388	0.001612620262239846	0.0008654114100562016	0.0028571681181486235	0.0013639507603772794	0.9759608831880028	0.6660117878192534	chr8	86000000	86500000
110	1.000249693074727	0.9999766501688484	1.000541202573959	1.00024045977805	-0.010149470822163914	-0.010440980321396065	-0.009876427916285402	-0.010140237525487095	0.5	0.5	0.5	0.5	-0.0019422572178477426	-0.0019422572178477426	-0.0019422572178477426	-0.0019422572178477426	-3.26507232082228	-3.3132689915393794	-3.200056754359011	-3.273481768695365	-3.751022199671205	-3.8428605358825356	-3.675313948994069	-3.742957156904108	0.00020499485998543097	8.412583467814917e-05	0.0004003499483371429	0.00016775182846321594	0.0009265284941583113	0.00045244830420063646	0.0016015449694648622	0.0008260603514838734	0.990100222252563	0.49805774278215226	chr18	5000000	5500000
111	1.000249693074727	0.9999766501688484	1.000541202573959	1.00024045977805	0.013460166430550896	0.013168656931318745	0.013733209336429408	0.013469399727227716	0.5	0.5	0.5	0.5	0.00029673590504453173	0.00029673590504453173	0.00029673590504453173	0.00029673590504453173	-3.224272814609064	-3.268943337012436	-3.164264494271041	-3.231941713576389	-3.6585798959528844	-3.72072735330719	-3.6111410697457567	-3.651225580379296	0.00021365379821732723	8.79386457845424e-05	0.0004184485569598638	0.00017411399506245137	0.0010178112467816825	0.0005112234090306737	0.001791445773979714	0.0008842879020581711	1.0137098595052778	0.5002967359050445	chr3	147500000	148000000
112	1.000249693074727	0.9999766501688484	1.000541202573959	1.00024045977805	0.017010640072305988	0.016719130573073837	0.0172836829781845	0.017019873368982807	0.669382254233366	0.6681738134921608	0.6711138725961979	0.6691206654225526	-0.004395878211567644	-0.0061274965743995935	-0.003187437470362431	-0.004134289400754276	-3.2586758912453035	-3.2930865664101017	-3.225039191919148	-3.2582889033259814	-3.5335866164355108	-3.571130435708274	-3.5076138429352897	-3.5278010935492397	0.00020898238466764761	8.584094738718105e-05	0.00042270554388391794	0.00016369152369974572	0.0011536401500955185	0.0005937174969831428	0.002048749295347987	0.0009860469040254725	1.017260333147033	0.6649863760217983	chr17	51500000	52000000
113	1.1696739603444581	1.168806032166854	1.1711455804901685	1.1693721143604052	0.0026797789566460617	0.0012081588109358332	0.003547707134250233	0.0029816249406990902	0.5724233473510669	0.5719815029021318	0.5730560351987215	0.5723279256517073	-0.0054563188849600375	-0.006089006732614588	-0.005014474436024874	-0.005360897185600344	-3.2134890951828226	-3.251852114690804	-3.1658640508881497	-3.2181201075761687	-3.880943688941461	-3.996401367358729	-3.7829590314900114	-3.8722071784585523	0.00021700521015596534	8.945454209018634e-05	0.0004309124054040595	0.00017382694656480774	0.0008149493335894538	0.00038804941131956533	0.0014030480015939633	0.0007343499607221431	1.1723537393011043	0.5669670284661069	chr12	25000000	25500000
114	1.000249693074727	0.9999766501688484	1.000541202573959	1.00024045977805	0.03388337171296271	0.03359186221373056	0.034156414618841224	0.03389260500963953	0.5	0.5	0.5	0.5	-0.011555666003976117	-0.011555666003976117	-0.011555666003976117	-0.011555666003976117	-2.9727195967994238	-2.9946892835958643	-2.944865993129211	-2.97566155523631	-2.5842426937470173	-2.745487978067212	-2.4480351508639027	-2.571723823028477	0.0002758613398631888	0.00011568759572050181	0.0005500881241285355	0.0002188348198018589	0.003005658524382328	0.0018252986505616158	0.005625576327154768	0.002285879559906464	1.0341330647876896	0.4884443339960239	chr2	85500000	86000000
115	1.000249693074727	0.9999766501688484	1.000541202573959	1.00024045977805	0.019994903083857513	0.01970339358462536	0.020267945989736025	0.020004136380534332	0.5	0.5	0.5	0.5	-0.02141309781703049	-0.02141309781703049	-0.02141309781703049	-0.02141309781703049	-2.2879548409067922	-2.342079778874554	-2.245591468438576	-2.282074058157019	-3.407310446425422	-3.4252320015109032	-3.372493137848741	-3.415758323171022	0.0005539537822575735	0.00024308570536805062	0.001153496069004205	0.0004096166773290193	0.0013095371777697487	0.0006901831238016084	0.0023451519851295276	0.0011014068010739295	1.0202445961585844	0.4785869021829695	chr3	124000000	124500000
116	1.1696739603444581	1.168806032166854	1.1711455804901685	1.1693721143604052	0.02423247063128542	0.02276085048557519	0.02510039880888959	0.024534316615338447	0.5724233473510669	0.5719815029021318	0.5730560351987215	0.5723279256517073	-0.011932793821070292	-0.012565481668724843	-0.011490949372135129	-0.011837372121710599	-2.9418177491094957	-2.9584473159546	-2.9199684471799765	-2.944427616651703	-3.225873981851784	-3.298062891233144	-3.1882841378308773	-3.2085744491715578	0.0002873491516977574	0.00012068246715735339	0.0005876759502580978	0.0002205190946877892	0.001576277445093365	0.0007801382568924181	0.002785034986007037	0.0013699682687370023	1.1939064309757437	0.5604905535299967	chr18	35000000	35500000
117	1.000249693074727	0.9999766501688484	1.000541202573959	1.00024045977805	0.01812064666674404	0.017829137167511888	0.01839368957262255	0.01812987996342086	0.5	0.5	0.5	0.5	-0.0076979472140762395	-0.0076979472140762395	-0.0076979472140762395	-0.0076979472140762395	-3.0444673310126564	-3.0758686436185503	-3.0034368222154484	-3.049281929108314	-3.48884734813208	-3.517732744426434	-3.4596980201829375	-3.488979313959473	0.00025631984822282637	0.00010666723739787543	0.0005073519492849083	0.0002056301031042608	0.0012066004566412326	0.0006262823471551931	0.0021493067104575553	0.0010254063844760911	1.018370339741471	0.49230205278592376	chr12	72000000	72500000
118	1.000249693074727	0.9999766501688484	1.000541202573959	1.00024045977805	0.04067310977773972	0.04038160027850757	0.04094615268361823	0.04068234307441654	0.5	0.5	0.5	0.5	0.0056692297667144675	0.0056692297667144675	0.0056692297667144675	0.0056692297667144675	-3.1902191842260814	-3.231747265070931	-3.13465817265568	-3.197235649588857	-2.057343350092353	-2.3134608468439186	-1.8313779992277954	-2.0422672771488486	0.00022117003071965476	9.127121296219748e-05	0.0004342631140115266	0.0001795728979524475	0.005134167101516599	0.002941537708070397	0.009813220769241206	0.0038909549643773977	1.0409228028524666	0.5056692297667145	chr3	141000000	141500000
119	1.000249693074727	0.9999766501688484	1.000541202573959	1.00024045977805	0.003424457784982876	0.003132948285750725	0.0036975006908613883	0.0034336910816596955	0.669382254233366	0.6681738134921608	0.6711138725961979	0.6691206654225526	-0.0007371457601772768	-0.002468764123009226	0.00047129498102793654	-0.0004755569493639089	-3.2759558963312205	-3.3207352074452263	-3.2216926365053276	-3.2806978706871637	-3.8571885612064256	-3.961363639481677	-3.7665689618889653	-3.8504108217275306	0.0002035514145195599	8.350007197978189e-05	0.00040185376132466166	0.000164425912386898	0.0008343124232324074	0.00040188678039965544	0.0014432178040931015	0.0007460725542184362	1.0036741508597098	0.6686451084731887	chr8	84000000	84500000
120	1.000249693074727	0.9999766501688484	1.000541202573959	1.00024045977805	-0.016100998618195278	-0.01639250811742743	-0.015827955712316766	-0.01609176532151846	0.5	0.5	0.5	0.5	0.010526315789473717	0.010526315789473717	0.010526315789473717	0.010526315789473717	-2.9534998652710405	-2.9785223502533853	-2.9216098452708295	-2.9569336327799736	-3.5702654683219857	-3.632060791905526	-3.5271804731652567	-3.560910304108581	0.0002810531939448149	0.00011757310979136985	0.0005591075515589469	0.00022376605721447136	0.0011091532039574574	0.0005586221222375759	0.0019322046251279755	0.0009728930342321389	0.9841486944565316	0.5105263157894737	chr7	111000000	111500000
121	1.4238103612490554	1.421203276556197	1.4278233387435193	1.4231074148482528	0.14206566968018464	0.1380526921857208	0.14467275437304306	0.14276861608098734	0.6487404971900095	0.6479950408647979	0.6498071407531566	0.6485799035710416	0.012536007414831074	0.011469363851683845	0.013281463740042576	0.012696601033798938	-2.95075468762795	-3.021157500265592	-2.8952874423947286	-2.9432869039257388	3.3309624068848436	2.682124194490052	3.856437650365862	3.39264389134173	0.0002777427796555971	0.00011676556130062546	0.0005311192848392719	0.00023154313624124557	0.9962400499883617	0.9895145674048497	0.9992125757579463	0.9981165283953254	1.56587603092924	0.6612765046048404	chr8	135000000	135500000
122	1.000249693074727	0.9999766501688484	1.000541202573959	1.00024045977805	-0.02861253008523848	-0.02890403958447063	-0.028339487179359968	-0.02860329678856166	0.5	0.5	0.5	0.5	-0.0034280117531831356	-0.0034280117531831356	-0.0034280117531831356	-0.0034280117531831356	-2.9220726266895074	-2.947808527188135	-2.8892904046993433	-2.9255957874352747	-2.943028277611804	-3.0135765410260333	-2.8993079574263296	-2.9296143059974273	0.0002899865165690582	0.0001212402572663691	0.0005765542319273267	0.0002310757885412685	0.0020779264744525405	0.0011623813761219971	0.003721923531517304	0.0017137004950854304	0.9716371629894884	0.49657198824681686	chr3	18000000	18500000
123	1.000249693074727	0.9999766501688484	1.000541202573959	1.00024045977805	0.024580054383125133	0.024288544883892982	0.024853097289003645	0.024589287679801952	0.5	0.5	0.5	0.5	0.01948051948051943	0.01948051948051943	0.01948051948051943	0.01948051948051943	-1.8668897146241252	-1.8722131884778612	-1.8637053760027502	-1.8658201470079447	-3.1769817039355375	-3.2259996604991343	-3.1267969976566814	-3.177565078793168	0.0008360883972011675	0.0003554446400256074	0.0016880019541093653	0.0006504534973348485	0.0016510058084601722	0.0009073016881090876	0.002998302671566946	0.0013492094370823277	1.024829747457852	0.5194805194805194	chr2	149000000	149500000
124	0.8308254258049954	0.8289085694857005	0.8322763729810638	0.8310583803766087	0.016661520711429123	0.015210573535360705	0.01857837703072407	0.01642856613981586	0.601962928653857	0.6010871118389441	0.6032191678319873	0.6017727174722485	0.003448866958910529	0.002192627780780332	0.004324683773823446	0.0036390781405191697	-3.2555059980733727	-3.3089733441764695	-3.1834709860704002	-3.2647898310233097	-3.5534802159696706	-3.611026910437977	-3.514030433073149	-3.5444317601837785	0.00020619117994238753	8.457201795569539e-05	0.00039828618074213277	0.00017095326053586095	0.0011282312472740757	0.0006246798908086077	0.002035645396957233	0.000926299850665231	0.8474869465164245	0.6054117956127676	chr8	19000000	19500000
125	0.8308254258049954	0.8289085694857005	0.8322763729810638	0.8310583803766087	0.004468736127745787	0.0030177889516773693	0.006385592447040733	0.004235781556132523	0.601962928653857	0.6010871118389441	0.6032191678319873	0.6017727174722485	0.006767230076301617	0.0055109908981714195	0.007643046891214533	0.006957441257910257	-3.07917331692203	-3.130880255146737	-3.0193008928617786	-3.0832560598398016	-3.8603024332072446	-3.939914591390898	-3.78360612984825	-3.8588445057949157	0.00024577498448039855	0.00010190308186065664	0.00047592671534273226	0.00020263507035910266	0.0008303538843854151	0.000410599980151544	0.0014443780180082952	0.0007332187696909105	0.8352941619327412	0.6087301587301587	chr7	7000000	7500000
126	1.000249693074727	0.9999766501688484	1.000541202573959	1.00024045977805	0.00665396547445149	0.006362455975219339	0.006927008380330002	0.006663198771128309	0.5	0.5	0.5	0.5	-0.0012072434607645621	-0.0012072434607645621	-0.0012072434607645621	-0.0012072434607645621	-3.2726318839487902	-3.3215201037907267	-3.2066371744919024	-3.2811851287562663	-3.8187090147217075	-3.913985518932443	-3.7370698968357043	-3.811890321559342	0.000203428477049752	8.343455879233e-05	0.00039706882455093734	0.00016660526242787035	0.0008670983763820883	0.0004213856841613314	0.0015061592839870264	0.0007704242686899977	1.0069036585491784	0.49879275653923544	chr1	69500000	70000000
127	1.000249693074727	0.9999766501688484	1.000541202573959	1.00024045977805	-0.0191123504998221	-0.01940385999905425	-0.01883930759394359	-0.01910311720314528	0.5	0.5	0.5	0.5	0.006523765144454852	0.006523765144454852	0.006523765144454852	0.006523765144454852	-3.0380078431144923	-3.069435634336992	-2.9969663886501294	-3.042814674735423	-3.448976122978706	-3.4903054282274297	-3.4279894072250405	-3.438804828231177	0.00025797944512652123	0.00010735564060415275	0.0005106262180355319	0.00020696796093320016	0.0012518187015830406	0.0006436973224386086	0.0021927688076633835	0.001085404338115085	0.9811373425749048	0.5065237651444549	chr20	3000000	3500000
128	1.000249693074727	0.9999766501688484	1.000541202573959	1.00024045977805	0.01820037580792852	0.01790886630869637	0.018473418713807033	0.01820960910460534	0.5	0.5	0.5	0.5	0.004145936981757914	0.004145936981757914	0.004145936981757914	0.004145936981757914	-3.1719553971509162	-3.2124071819499864	-3.117957926419063	-3.1787282401173074	-3.4855315487396643	-3.513777866219602	-3.4561488170572696	-3.4860997558408933	0.00022528706691598535	9.30535858715038e-05	0.0004427286086908926	0.00018268303655077255	0.001210622198899528	0.0006287641218848787	0.002156948589821431	0.0010283880419459015	1.0184500688826554	0.5041459369817579	chrX	9500000	10000000
129	1.000249693074727	0.9999766501688484	1.000541202573959	1.00024045977805	0.03138846344888499	0.03109695394965284	0.0316615063547635	0.03139769674556181	0.5	0.5	0.5	0.5	0.02531411677753137	0.02531411677753137	0.02531411677753137	0.02531411677753137	-1.9245751283523926	-2.020173695928521	-1.8542040670290243	-1.9119613752260127	-2.7587283433679004	-2.887563747436907	-2.653171101420673	-2.7470892623070107	0.0008026540640154558	0.0003599711842724158	0.0017060568842437453	0.0005722940937728312	0.002518704274876606	0.0014867725060391103	0.0046760988418745346	0.0019559728757963892	1.031638156523612	0.5253141167775314	chr19	39500000	40000000
130	1.000249693074727	0.9999766501688484	1.000541202573959	1.00024045977805	0.004596373480298482	0.004304863981066331	0.004869416386176995	0.004605606776975302	0.5	0.5	0.5	0.5	0.010946408209806191	0.010946408209806191	0.010946408209806191	0.010946408209806191	-3.0051424134079188	-3.0297634986728443	-2.973513588483378	-3.0086462832377268	-3.84604811876931	-3.947514698148475	-3.758135343218581	-3.839271216855092	0.00026692921097621887	0.00011170027886911391	0.0005311746323685649	0.00021242096633359832	0.0008436851348348345	0.000407491204943444	0.001461378980983672	0.0007529351767061108	1.0048460665550254	0.5109464082098062	chr1	195000000	195500000
131	1.1696739603444581	1.168806032166854	1.1711455804901685	1.1693721143604052	0.0027638006553659666	0.0012921805096557382	0.003631728832970138	0.003065646639418995	0.5724233473510669	0.5719815029021318	0.5730560351987215	0.5723279256517073	0.024123676728896676	0.023490988881242125	0.02456552117783184	0.02421909842825637	-2.1776716719985725	-2.1940880821194586	-2.1601864753376603	-2.178206065268585	-3.880447401309518	-3.996125424936098	-3.782406470912691	-3.8716288546946416	0.0006082370161312451	0.0002648843722945722	0.0012144615101895178	0.0004768010910204453	0.0008153747423294706	0.0003881565053894443	0.0014037464445587284	0.0007347980096848547	1.1724377609998242	0.5965470240799636	chr1	37500000	38000000
132	1.000249693074727	0.9999766501688484	1.000541202573959	1.00024045977805	-0.0090159560130533	-0.009307465512285451	-0.008742913107174788	-0.00900672271637648	0.5	0.5	0.5	0.5	-0.007367716008037484	-0.007367716008037484	-0.007367716008037484	-0.007367716008037484	-3.1273545282855792	-3.16369252885627	-3.0791804660530424	-3.1332725591165023	-3.7763434972726575	-3.872258620945801	-3.696165997611895	-3.768474685266467	0.0002357279084588373	9.769888753844198e-05	0.000464769024044321	0.00019022186112629307	0.0009035146229552829	0.0004393408021932915	0.0015602641728583839	0.0008072267583847283	0.9912337370616736	0.4926322839919625	chr6	110000000	110500000
133	1.000249693074727	0.9999766501688484	1.000541202573959	1.00024045977805	0.0068469933471866085	0.0065554838479544575	0.007120036253065121	0.006856226643863428	0.5	0.5	0.5	0.5	0.010309914804296771	0.010309914804296771	0.010309914804296771	0.010309914804296771	-3.0321420147603346	-3.0594272803428506	-2.996757332826146	-3.03619172293617	-3.81563744580807	-3.91024017864384	-3.7346856215174116	-3.8088119915355145	0.00025969185487359345	0.00010843548859530504	0.0005156941607147277	0.00020731888509217052	0.0008697677907338313	0.0004229668761439227	0.0015112394576233122	0.0007724324145840451	1.0070966864219135	0.5103099148042968	chr1	177500000	178000000
134	0.8308254258049954	0.8289085694857005	0.8322763729810638	0.8310583803766087	-0.005880715748228016	-0.007331662924296434	-0.00396385942893307	-0.00611367031984128	0.601962928653857	0.6010871118389441	0.6032191678319873	0.6017727174722485	0.0086999966355151	0.007443757457384903	0.009575813450428017	0.00889020781712374	-3.0429204678958444	-3.1019609754110444	-2.981168241645877	-3.0442763272632285	-3.849695552118893	-3.977059012620571	-3.74704575791806	-3.8373387189684705	0.00025432513484637995	0.00010565024934173521	0.0004898911202048186	0.00021087958491948294	0.0008408474546796231	0.00039562826080081457	0.0014374212980305722	0.0007651701299435528	0.8249447100567674	0.6106629252893722	chr13	39000000	39500000
135	0.8308254258049954	0.8289085694857005	0.8322763729810638	0.8310583803766087	-0.01956401533670782	-0.021014962512776236	-0.017647159017412872	-0.019796969908321083	0.601962928653857	0.6010871118389441	0.6032191678319873	0.6017727174722485	-0.01052794333180565	-0.011784182509935848	-0.009652126516892734	-0.01033773215019701	-3.0081782569485105	-3.0400090894020613	-2.964229712988324	-3.014237112701829	-3.455460779327108	-3.5735403027378734	-3.389222128758395	-3.429540342906083	0.000270827673444843	0.0001130890053677387	0.0005622319151448342	0.0002039948866333995	0.001248517049315939	0.000592288439373275	0.0021371142261629914	0.0011323327658637446	0.8112614104682876	0.5914349853220514	chr4	110500000	111000000
136	1.000249693074727	0.9999766501688484	1.000541202573959	1.00024045977805	-0.04952187485707929	-0.04981338435631144	-0.04924883195120078	-0.04951264156040247	0.5	0.5	0.5	0.5	0.023809523809523836	0.023809523809523836	0.023809523809523836	0.023809523809523836	-2.2083308917724374	-2.215690193063084	-2.2023398849227984	-2.207646744551933	-1.2759087559600948	-1.6284965071374407	-0.967174105515765	-1.2539822055935868	0.0005940688129083727	0.00025211680909542866	0.0011978153459191515	0.0004631715483094553	0.011228601211606003	0.005835131572225791	0.021198812595700074	0.008940230339249072	0.9507278182176476	0.5238095238095238	chr3	136000000	136500000
137	0.8308254258049954	0.8289085694857005	0.8322763729810638	0.8310583803766087	-0.0109945788452821	-0.012445526021350517	-0.009077722525987153	-0.011227533416895363	0.601962928653857	0.6010871118389441	0.6032191678319873	0.6017727174722485	0.023603707792199197	0.022347468614069	0.024479524607112113	0.023793918973807837	-2.104282598338357	-2.1715279751272787	-2.0481573538710824	-2.098722532177533	-3.7519178594104616	-3.8853576361905677	-3.6547852826908267	-3.7337642593802265	0.0006449174557691825	0.0002848672973959979	0.0012421712842811106	0.000526315620699811	0.0009278122820831982	0.000433623398259473	0.0015817461907529223	0.0008479397696601989	0.8198308469597133	0.6255666364460563	chr4	100500000	101000000
138	1.1696739603444581	1.168806032166854	1.1711455804901685	1.1693721143604052	-0.023470540337525825	-0.024942160483236053	-0.022602612159921653	-0.023168694353472796	0.5724233473510669	0.5719815029021318	0.5730560351987215	0.5723279256517073	-0.0016546851189900569	-0.0022873729666446074	-0.0012128406700548933	-0.0015592634196303634	-3.2344041090322815	-3.278085701798103	-3.1771713290068107	-3.241179702662106	-3.2437884916967916	-3.31466838862569	-3.150888068647612	-3.2547987547569317	0.0002117856285227636	8.713834251254195e-05	0.0004163152414909325	0.00017184446504378998	0.001534184810911662	0.0009038342384098776	0.00277585520986685	0.0012285248976849604	1.1462034200069324	0.5707686622320769	chr4	183000000	183500000
139	1.1696739603444581	1.168806032166854	1.1711455804901685	1.1693721143604052	0.06520647219607667	0.06373485205036644	0.06607440037368084	0.0655083181801297	0.717270042053201	0.7159445087063954	0.7191681055961647	0.7169837769551217	-0.03736778182106895	-0.03926584536403277	-0.036042248474263405	-0.037081516722989816	0.052134078835636144	-0.4840342734770964	0.6250004544355736	0.03378506719203367	0.2645487432639433	-0.24151240329112467	0.6612598502632112	0.3192237630418433	0.0073444887161477875	0.002710323008793947	0.020356276942984825	0.003155677456406189	0.053602881014724	0.023356630800488273	0.10299115159862249	0.044031870829892614	1.234880432540535	0.679902260232132	chr8	129500000	130000000
140	1.000249693074727	0.9999766501688484	1.000541202573959	1.00024045977805	0.004917947070489176	0.004626437571257025	0.005190989976367688	0.004927180367165995	0.5	0.5	0.5	0.5	-0.028363047001620734	-0.028363047001620734	-0.028363047001620734	-0.028363047001620734	-1.8752877977009719	-1.9379130399514777	-1.8284281710139378	-1.867404989919236	-3.842428032644548	-3.9430473365662255	-3.75536831258691	-3.835648240712528	0.0008378598494354635	0.0003691031426416258	0.001750603679500576	0.0006158662877998262	0.000846750648910477	0.00040931568777545393	0.0014672758860838327	0.0007552055108913107	1.005167640145216	0.47163695299837927	chr3	67500000	68000000
141	0.8308254258049954	0.8289085694857005	0.8322763729810638	0.8310583803766087	-0.018318102495971877	-0.019769049672040295	-0.01640124617667693	-0.01855105706758514	0.601962928653857	0.6010871118389441	0.6032191678319873	0.6017727174722485	-0.11440073959913069	-0.11565697877726089	-0.11352492278421777	-0.11421052841752205	2.2118306094477704	2.073295707037892	2.3311638005927673	2.2214314650802116	-3.508566015785075	-3.6307986397970904	-3.439716424278	-3.481874499532605	0.05068361840202165	0.023783480022033676	0.110402571026329	0.03427421127986197	0.0011839088702006362	0.0005593276334645599	0.0020240563853402295	0.0010761257309988776	0.8125073233090235	0.48756218905472637	chr5	43500000	44000000
142	1.1696739603444581	1.168806032166854	1.1711455804901685	1.1693721143604052	0.024405794843940343	0.022934174698230114	0.025273723021544514	0.02470764082799337	0.5724233473510669	0.5719815029021318	0.5730560351987215	0.5723279256517073	-0.027950666283722586	-0.028583354131377137	-0.027508821834787422	-0.027855244584362893	-1.935315835116798	-2.01713766548127	-1.845247822009819	-1.9394389264880516	-3.2165337466341444	-3.2876163036206147	-3.1790343162327717	-3.1997421833415953	0.0008007074806386459	0.00035010535884427604	0.001721405377551824	0.0005656595930792418	0.0015911342872551432	0.0007883307568726965	0.0028124828127572233	0.0013818617896953263	1.1940797551883986	0.5444726810673444	chrX	106000000	106500000
143	1.000249693074727	0.9999766501688484	1.000541202573959	1.00024045977805	0.006567749907683912	0.006276240408451761	0.006840792813562424	0.006576983204360731	0.669382254233366	0.6681738134921608	0.6711138725961979	0.6691206654225526	0.0040466009233939	0.002314982560561951	0.005255041664599114	0.004308189734207268	-3.2787384327407683	-3.3425818270020073	-3.201141069943164	-3.2856154170089504	-3.820052903504293	-3.915625215225461	-3.7381122540365768	-3.813237072377568	0.00020096341914386265	8.229784717515933e-05	0.000385122825683723	0.00016821650185828413	0.0008659329685219055	0.00042069530577719936	0.0015039402956917084	0.0007695481363093571	1.0068174429824108	0.6734288551567599	chr8	82000000	82500000
144	0.8308254258049954	0.8289085694857005	0.8322763729810638	0.8310583803766087	-0.013225733362783987	-0.014676680538852405	-0.01130887704348904	-0.013458687934397251	0.601962928653857	0.6010871118389441	0.6032191678319873	0.6017727174722485	-0.0033820872955195036	-0.004638326473649701	-0.002506270480606587	-0.003191876113910863	-3.088229674042511	-3.1185124586881425	-3.052917940680972	-3.0907441484004643	-3.6904607267246123	-3.8229293592828366	-3.5994606088423984	-3.6697264693866067	0.00024630698969484394	0.00010221416231163014	0.0004921696738878098	0.00019542206128996795	0.000986796088458509	0.00046155659925058726	0.0016823738095669816	0.000901626972508234	0.8175996924422114	0.5985808413583376	chr18	75000000	75500000
145	1.000249693074727	0.9999766501688484	1.000541202573959	1.00024045977805	0.004339244521748026	0.004047735022515875	0.004612287427626538	0.004348477818424845	0.5	0.5	0.5	0.5	-0.013322457857531278	-0.013322457857531278	-0.013322457857531278	-0.013322457857531278	-2.8566462536346595	-2.8727199216583923	-2.837435597198402	-2.858214747840921	-3.848768375104863	-3.9508802457352807	-3.76020762210869	-3.841992816287741	0.0003101587450397733	0.00013069453150177043	0.0006213219472894942	0.00024430925068391423	0.0008413882184307053	0.00040612207912338213	0.00145694950429433	0.0007512406451525547	1.004588937596475	0.4866775421424687	chr11	78000000	78500000
146	0.8308254258049954	0.8289085694857005	0.8322763729810638	0.8310583803766087	-0.01229184567960917	-0.013742792855677588	-0.010374989360314224	-0.012524800251222434	0.601962928653857	0.6010871118389441	0.6032191678319873	0.6017727174722485	0.0037656673705599164	0.002509428192429719	0.004641484185472833	0.003955878552168557	-3.238129764424329	-3.2914760167926707	-3.167422801398555	-3.2468101197530452	-3.71755726985528	-3.8506973073548902	-3.6237194824867354	-3.697906144789747	0.00020978348818822377	8.615177515514834e-05	0.00040531645054253684	0.0001738328635276049	0.0009603521858731065	0.0004489164275684073	0.0016371135053459744	0.0008776894052890221	0.8185335801253862	0.605728596024417	chr18	60500000	61000000
147	1.000249693074727	0.9999766501688484	1.000541202573959	1.00024045977805	-0.03578460531413366	-0.03607611481336581	-0.03551156240825515	-0.03577537201745684	0.5	0.5	0.5	0.5	0.020320549513451636	0.020320549513451636	0.020320549513451636	0.020320549513451636	-2.39152889030116	-2.4306841230684	-2.3594204849793723	-2.3880054765784333	-2.447859137886835	-2.6057513548595272	-2.322763820296876	-2.431460688195469	0.0004981859801904132	0.00021684619327376684	0.001029392038613267	0.0003732528444373094	0.003421564223160385	0.002068895620741309	0.006248456616778283	0.0026844523275609735	0.9644650877605933	0.5203205495134516	chr2	171500000	172000000
148	1.000249693074727	0.9999766501688484	1.000541202573959	1.00024045977805	-0.04275561016848253	-0.043047119667714684	-0.04248256726260402	-0.042746376871805714	0.5	0.5	0.5	0.5	0.004584882280049607	0.004584882280049607	0.004584882280049607	0.004584882280049607	-3.1597239845744474	-3.1992315664550706	-3.1070745290495214	-3.1662949213965987	-1.8857521415300424	-2.1393498114295157	-1.6710263904072349	-1.8663161821417094	0.0002280959018354908	9.428773663365085e-05	0.0004485869939856916	0.00018475443836131039	0.0060432060899810805	0.0035009820329697317	0.011240075194044111	0.004715883566455238	0.9574940829062444	0.5045848822800496	chr3	185500000	186000000
149	1.000249693074727	0.9999766501688484	1.000541202573959	1.00024045977805	-0.023363042780676163	-0.023654552279908314	-0.02308999987479765	-0.023353809483999344	0.5	0.5	0.5	0.5	-0.021811614337315932	-0.021811614337315932	-0.021811614337315932	-0.021811614337315932	-2.237153561705134	-2.300871472968775	-2.18814397485004	-2.229799399500861	-3.2450667143835363	-3.2611744860746956	-3.2266011327046673	-3.246245619377391	0.0005838152219749237	0.0002575248965422948	0.0012217018971807903	0.00042801704708830487	0.0015348980281896874	0.0008169434718659103	0.0027135078768751883	0.0013045703820088257	0.9768866502940508	0.47818838566268407	chr2	105500000	106000000
150	1.000249693074727	0.9999766501688484	1.000541202573959	1.00024045977805	-0.009258186357006065	-0.009549695856238216	-0.008985143451127553	-0.009248953060329246	0.5	0.5	0.5	0.5	-0.0007880220646178104	-0.0007880220646178104	-0.0007880220646178104	-0.0007880220646178104	-3.2576992999515584	-3.305242561576083	-3.1936104529881497	-3.2659720926209994	-3.771180631328166	-3.866269973468148	-3.691910098257856	-3.7632712267933304	0.00020653359554578972	8.480378190662633e-05	0.0004035679900302442	0.00016888130512314416	0.0009081589718704382	0.00044197975336740427	0.0015685832293026649	0.0008110364524058419	0.9909915067177208	0.4992119779353822	chr3	54000000	54500000
151	1.000249693074727	0.9999766501688484	1.000541202573959	1.00024045977805	-0.037688816789144736	-0.03798032628837689	-0.03741577388326622	-0.037679583492467916	0.5	0.5	0.5	0.5	-0.007895860008536038	-0.007895860008536038	-0.007895860008536038	-0.007895860008536038	-3.019281200541088	-3.0492827475237654	-2.9802777920404395	-3.0237821313000746	-2.3017106156472833	-2.484860421888487	-2.1530270409318426	-2.284477499884402	0.00026292279541724993	0.00010954111451554058	0.0005209971030647922	0.0002105764820443335	0.003965955059180935	0.0024516266124884386	0.007280044315568848	0.003066074654333225	0.9625608762855822	0.49210413999146396	chr18	7500000	8000000
152	1.000249693074727	0.9999766501688484	1.000541202573959	1.00024045977805	0.003962738072920996	0.003671228573688845	0.004235780978799508	0.003971971369597815	0.5	0.5	0.5	0.5	-0.013725490196078438	-0.013725490196078438	-0.013725490196078438	-0.013725490196078438	-2.3703817667893383	-2.3806287671108652	-2.3601947458112775	-2.3703517771176053	-3.8524718123411845	-3.9554768652671264	-3.7630170430769434	-3.8456966705103346	0.0005049223746385913	0.00021378138644867213	0.0010158969465780888	0.000395005582763802	0.0008382699585617867	0.00040425957433450554	0.0014509169867707053	0.0007489516365709681	1.004212431147648	0.48627450980392156	chrX	20500000	21000000
153	1.000249693074727	0.9999766501688484	1.000541202573959	1.00024045977805	-0.006494940244077291	-0.006786449743309442	-0.0062218973381987785	-0.006485706947400471	0.5	0.5	0.5	0.5	-0.0025890475443276495	-0.0025890475443276495	-0.0025890475443276495	-0.0025890475443276495	-3.231387006353925	-3.276636530335603	-3.17055394535522	-3.2391787748624385	-3.822018098660081	-3.925045700643924	-3.733970084974123	-3.8145283045111382	0.00021211910409723976	8.726471245554249e-05	0.0004152492550483467	0.00017298122444253493	0.0008634799645621256	0.00041675076071979767	0.0014889065532016155	0.0007741312721635447	0.9937547528306496	0.49741095245567235	chr6	47000000	47500000
154	1.000249693074727	0.9999766501688484	1.000541202573959	1.00024045977805	-0.017808990450168954	-0.018100499949401105	-0.017535947544290442	-0.017799757153492135	0.5	0.5	0.5	0.5	0.004205214465937801	0.004205214465937801	0.004205214465937801	0.004205214465937801	-3.1831349322365776	-3.224422309658628	-3.127942423509854	-3.1900874978889147	-3.5038772976370764	-3.5544800730126473	-3.472884196228134	-3.4940724606537623	0.00022275126074712136	9.194222509428796e-05	0.0004374525620525487	0.00018080512792082435	0.0011850695252099439	0.0006036858668364191	0.002070669410335528	0.0010329614118339144	0.982440702624558	0.5042052144659378	chr5	165000000	165500000
155	1.000249693074727	0.9999766501688484	1.000541202573959	1.00024045977805	0.0013411174436723516	0.0010496079444402007	0.0016141603495508638	0.001350350740349171	0.669382254233366	0.6681738134921608	0.6711138725961979	0.6691206654225526	-0.00625750019952101	-0.00798911856235296	-0.005049059458315797	-0.005995911388707642	-3.1091581711556646	-3.130982329360858	-3.086957346483463	-3.1093465043891686	-3.869021656146869	-3.976533834657162	-3.77515564656092	-3.8621985716846963	0.0002433702021999217	0.00010094747902886007	0.0004972966810095084	0.00018761832438065915	0.0008244288924425672	0.0003958360906141312	0.0014234411878102484	0.0007392191456729446	1.0015908105183993	0.663124754033845	chr13	91000000	91500000
156	0.8308254258049954	0.8289085694857005	0.8322763729810638	0.8310583803766087	0.0048205236912267635	0.0033695765151583457	0.00673738001052171	0.004587569119613499	0.601962928653857	0.6010871118389441	0.6032191678319873	0.6017727174722485	-0.005748417612847639	-0.007004656790977837	-0.004872600797934723	-0.005558206431238999	-3.174107024124046	-3.2051448568157124	-3.141327861518082	-3.174977689081195	-3.856237660672182	-3.9334131181989207	-3.7812906484320363	-3.855123438028886	0.00022695552957329194	9.373183110475265e-05	0.00045748209569261924	0.0001783040957478979	0.0008336833538105915	0.00041327818160884525	0.0014513977015597468	0.0007350287660368869	0.8356459494962222	0.5962145110410094	chr1	18500000	19000000
157	0.8308254258049954	0.8289085694857005	0.8322763729810638	0.8310583803766087	-0.018017065504453145	-0.019468012680521563	-0.0161002091851582	-0.01825002007606641	0.601962928653857	0.6010871118389441	0.6032191678319873	0.6017727174722485	-0.01293142340298195	-0.014187662581112148	-0.012055606588069034	-0.01274121222137331	-2.876975043872908	-2.919991787228253	-2.815280319148571	-2.8863140345574045	-3.5208976711203004	-3.6440384284486855	-3.450432524356601	-3.4945598658379575	0.00031030948806470767	0.00013052210647795487	0.0006525343744852027	0.00022909073564783653	0.0011693896638771887	0.0005519710610048223	0.0019987062588085447	0.001063440667847694	0.8128083603005423	0.5890315052508751	chr22	50000000	50500000
158	1.000249693074727	0.9999766501688484	1.000541202573959	1.00024045977805	0.051674986537411066	0.051383477038178915	0.05194802944328958	0.051684219834087886	0.5	0.5	0.5	0.5	-0.012373359906992176	-0.012373359906992176	-0.012373359906992176	-0.012373359906992176	-2.9225905845608873	-2.9413254164261566	-2.8994090145199216	-2.924813953648735	-1.0665753443129287	-1.488533656330886	-0.6815214468515514	-1.0481231370346387	0.00029021893708943016	0.00012202882470606196	0.0005801784846058094	0.00022933421952292467	0.014117426015917504	0.006711749619699553	0.027691583156997733	0.011033185643486366	1.051924679612138	0.4876266400930078	chr3	71500000	72000000
159	0.8308254258049954	0.8289085694857005	0.8322763729810638	0.8310583803766087	0.0189924450882214	0.01754149791215298	0.020909301407516345	0.018759490516608135	0.601962928653857	0.6010871118389441	0.6032191678319873	0.6017727174722485	0.018284219635116367	0.01702798045698617	0.019160036450029283	0.018474430816725007	-2.5853078457037975	-2.6524326526904867	-2.5355241906968216	-2.576637269713941	-3.457082293107288	-3.526799624027452	-3.39630471213289	-3.4526124181344042	0.00040014253350541636	0.0001700579130330066	0.0007679399081351427	0.0003312861564267581	0.0012433056983847557	0.0007071404733649733	0.002261708259265169	0.0010021870304544405	0.8498178708932168	0.6202471482889734	chr18	61500000	62000000
160	1.000249693074727	0.9999766501688484	1.000541202573959	1.00024045977805	0.004663000214301299	0.0043714907150691484	0.004936043120179812	0.004672233510978119	0.669382254233366	0.6681738134921608	0.6711138725961979	0.6691206654225526	-0.03072388632188608	-0.03245550468471803	-0.029515445580680866	-0.03046229751107271	-1.3465696364997426	-1.6122982835399187	-1.0340079649860536	-1.369986148736499	-3.8453179713693726	-3.946612675899247	-3.75757804719528	-3.8385405811914817	0.0015760330901066174	0.0007028284077091603	0.003874361574225002	0.0008634711892461539	0.0008443026117985699	0.00040785893690293884	0.0014625680346268012	0.0007533917378322697	1.0049126932890282	0.6386583679114799	chr8	113500000	114000000
161	1.3390982276141898	1.3370708617597493	1.3422640859924022	1.3385289813523036	0.013043889056997271	0.009878030678784677	0.01507125491143757	0.013613135318883418	0.626520067753774	0.6258458578413996	0.6274849765318109	0.6263747183209427	0.006801885131169694	0.005836976353132739	0.007476095043544073	0.006947234564000981	-3.2001247151802357	-3.2596812541178277	-3.130292733602925	-3.2052624365000946	-3.7512681959330894	-3.9204303156455644	-3.6418321961197355	-3.721405135983529	0.00021746603198785828	8.97126801490641e-05	0.0004184104481192952	0.0001808704998415369	0.000932530764986479	0.00041867867153187266	0.0015832437685746957	0.0008641003099196738	1.3521421166711869	0.6333219528849436	chr7	88500000	89000000
162	1.000249693074727	0.9999766501688484	1.000541202573959	1.00024045977805	-0.0342010818674057	-0.03449259136663785	-0.033928038961527185	-0.03419184857072888	0.5	0.5	0.5	0.5	-0.007104795737122582	-0.007104795737122582	-0.007104795737122582	-0.007104795737122582	-3.131106173415935	-3.167859618453937	-3.082348735891813	-3.1371081696589944	-2.5648779419076013	-2.702368397024376	-2.4588132182327254	-2.549165076186652	0.00023482834439357285	9.729261459625082e-05	0.0004628424834331125	0.00018958913977246405	0.0030404883177110958	0.0018057310983600997	0.0055286184710617746	0.0024138018507112546	0.9660486112073212	0.4928952042628774	chr10	34000000	34500000
163	1.000249693074727	0.9999766501688484	1.000541202573959	1.00024045977805	-0.0029781185992152903	-0.0032696280984474413	-0.002705075693336778	-0.002968885302538471	0.5	0.5	0.5	0.5	-0.0011651816312542862	-0.0011651816312542862	-0.0011651816312542862	-0.0011651816312542862	-3.2530443966314424	-3.3001755903447734	-3.1895399939524793	-3.2612310011142585	-3.860972637465677	-3.9693382170430187	-3.766795646575333	-3.8538783431221777	0.00020751103854347276	8.523457070539923e-05	0.0004056128008770218	0.00016959839129573504	0.0008308271082641336	0.00039869464796896565	0.0014318311585415904	0.0007463913132729892	0.9972715744755116	0.4988348183687457	chr10	125500000	126000000
164	0.8308254258049954	0.8289085694857005	0.8322763729810638	0.8310583803766087	0.027073997070742872	0.025623049894674454	0.02899085339003782	0.026841042499129608	0.601962928653857	0.6010871118389441	0.6032191678319873	0.6017727174722485	0.021298061885931502	0.020041822707801304	0.022173878700844418	0.021488273067540142	-2.4036308712388568	-2.4692687280791237	-2.353463431626853	-2.3958956626247256	-3.03558171261814	-3.1735521305917898	-2.867093874388803	-3.050840422745984	0.00047968903863876633	0.00020535055992345507	0.0009223044822416857	0.00039555055619496237	0.0019059877124513133	0.0012004360841829152	0.003569663676684146	0.0014269255444690964	0.8578994228757383	0.6232609905397886	chr10	102000000	102500000
165	1.1696739603444581	1.168806032166854	1.1711455804901685	1.1693721143604052	0.0185495314063423	0.017077911260632073	0.019417459583946473	0.01885137739039533	0.5724233473510669	0.5719815029021318	0.5730560351987215	0.5723279256517073	-0.01227709506587496	-0.01290978291352951	-0.011835250616939796	-0.012181673366515267	-2.920926014869255	-2.938475853601685	-2.8974820001294024	-2.9238731028729665	-3.497955733988281	-3.6002041703769647	-3.446242770620964	-3.472687997477597	0.0002935247673164475	0.0001234078221219429	0.000601040390658626	0.00022482542824261054	0.0011994463693740165	0.0005767044271337074	0.002093047634451433	0.001064016707955463	1.1882234917508006	0.560146252285192	chr3	173500000	174000000
166	1.000249693074727	0.9999766501688484	1.000541202573959	1.00024045977805	-0.005160139688040549	-0.0054516491872727	-0.004887096782162037	-0.00515090639136373	0.5	0.5	0.5	0.5	-0.40909090909090906	-0.40909090909090906	-0.40909090909090906	-0.40909090909090906	2.6414675629994564	2.5735581007762542	2.684693414786844	2.6538093682173636	-3.840213987314097	-3.945901113849745	-3.749169545518267	-3.832892644944188	0.0740170951504237	0.033869700939720256	0.14287169074476233	0.05966349445860612	0.0008480526481391968	0.0004081492571221647	0.0014616924360591236	0.0007611844496877493	0.9950895533866864	0.09090909090909091	chr2	194500000	195000000
167	0.8308254258049954	0.8289085694857005	0.8322763729810638	0.8310583803766087	-0.014818927534364645	-0.016269874710433063	-0.0129020712150697	-0.01505188210597791	0.601962928653857	0.6010871118389441	0.6032191678319873	0.6017727174722485	0.008563387135616635	0.007307147957486437	0.009439203950529551	0.008753598317225275	-2.0289855553487373	-2.0366660699791286	-2.022063070939705	-2.028606540238058	-3.6397135129229166	-3.7701646738641106	-3.554442816340038	-3.617123280743759	0.000710139084809394	0.0003015442077200489	0.0014289532261061622	0.0005550294527056825	0.00103826121116944	0.00048656445196770413	0.0017709625831513263	0.0009477589047793644	0.8160064982706308	0.6105263157894737	chr16	47500000	48000000
168	0.8308254258049954	0.8289085694857005	0.8322763729810638	0.8310583803766087	-0.007234326815434233	-0.008685273991502651	-0.005317470496139287	-0.0074672813870474974	0.601962928653857	0.6010871118389441	0.6032191678319873	0.6017727174722485	-0.013954617582322443	-0.01521085676045264	-0.013078800767409526	-0.013764406400713802	-2.814539777490195	-2.8598472105373025	-2.7489008161001047	-2.824705541661686	-3.8297114677696955	-3.959816505953321	-3.727349961967028	-3.8158397015792165	0.00033064046596471125	0.00013944678677093336	0.0006973192372620878	0.000242897919912912	0.0008579931342164955	0.00040250903414290937	0.0014650999115392628	0.0007821817955919048	0.8235910989895612	0.5880083110715346	chr10	103000000	103500000
169	1.000249693074727	0.9999766501688484	1.000541202573959	1.00024045977805	0.003717738229066486	0.0034262287298343352	0.003990781134944998	0.0037269715257433056	0.5	0.5	0.5	0.5	0.0037388553350589104	0.0037388553350589104	0.0037388553350589104	0.0037388553350589104	-3.222635127348995	-3.2670946925825266	-3.1629213278340487	-3.2302622444897025	-3.854703027971609	-3.9582562414609868	-3.7647015314439036	-3.847927169490773	0.0002140114236463063	8.810136342943926e-05	0.00041922001813219555	0.00017436215651179523	0.0008363960162896492	0.0004031375448907225	0.0014472784296514281	0.0007475840453082232	1.0039674313037934	0.5037388553350589	chr3	148500000	149000000
170	1.000249693074727	0.9999766501688484	1.000541202573959	1.00024045977805	-0.0006371620561677338	-0.0009286715553998848	-0.0003641191502892216	-0.0006279287594909144	0.5	0.5	0.5	0.5	-0.0004970178926441138	-0.0004970178926441138	-0.0004970178926441138	-0.0004970178926441138	-3.0927888171011526	-3.127828683253785	-3.0465578351662153	-3.098384374992306	-3.87079273214522	-3.9797129556013306	-3.7757080455937464	-3.8638749636929006	0.0002440726896250432	0.0001012663341669868	0.0004817196142566629	0.0001966524050382616	0.0008228711034568021	0.00039457967801000756	0.001419055900059612	0.0007389244178787946	0.9996125310185592	0.4995029821073559	chr2	208000000	208500000
171	1.000249693074727	0.9999766501688484	1.000541202573959	1.00024045977805	0.04532398922408018	0.04503247972484803	0.04559703212995869	0.045333222520757	0.5	0.5	0.5	0.5	0.009665170866413497	0.009665170866413497	0.009665170866413497	0.009665170866413497	-3.044551711186461	-3.073874380500884	-3.006346625916496	-3.0489929191642315	-1.6569533976696111	-1.9821516428347543	-1.3653019523020573	-1.6401799977708167	0.00025639426856447286	0.00010688017218870961	0.0005083311950743426	0.0002051828534974196	0.007722551599869204	0.004096945428399017	0.014947885832760487	0.005922687569158658	1.045573682298807	0.5096651708664135	chr10	78000000	78500000
172	0.8308254258049954	0.8289085694857005	0.8322763729810638	0.8310583803766087	0.013993510955967348	0.01254256377989893	0.015910367275262294	0.013760556384354083	0.601962928653857	0.6010871118389441	0.6032191678319873	0.6017727174722485	0.009902423773146846	0.008646184595016648	0.010778240588059762	0.010092634954755486	-3.079591644702054	-3.156651442691908	-3.0078693392350644	-3.0769228984406216	-3.6493148441208656	-3.693331428367505	-3.6193415601889	-3.642293193963528	0.00024409436217650603	0.0001013623502551519	0.00046381821408411004	0.00020559844218338104	0.0010246811279763025	0.0005511559491058014	0.001832171343298482	0.000857698609750463	0.8448189367609628	0.6118653524270039	chr7	10000000	10500000
173	0.8308254258049954	0.8289085694857005	0.8322763729810638	0.8310583803766087	0.022256658358863146	0.02080571118279473	0.024173514678158092	0.022023703787249882	0.601962928653857	0.6010871118389441	0.6032191678319873	0.6017727174722485	0.016320094253443357	0.01506385507531316	0.017195911068356273	0.016510305435051997	-2.698561194650966	-2.774429964451828	-2.6428256268174826	-2.6884945936672775	-3.302778069034266	-3.3899904643217327	-3.200596936938606	-3.3102624374383627	0.0003565171779010207	0.00015156305055010911	0.0006797425841017151	0.0002973815384761294	0.0014531532083327508	0.0008600040604561076	0.002674632640990811	0.0011389880659420423	0.8530820841638586	0.6182830229073004	chr22	42000000	42500000
174	0.8308254258049954	0.8289085694857005	0.8322763729810638	0.8310583803766087	-0.026135085015242643	-0.02758603219131106	-0.024218228695947697	-0.026368039586855907	0.601962928653857	0.6010871118389441	0.6032191678319873	0.6017727174722485	0.00997039429364252	0.008714155115512323	0.010846211108555437	0.010160605475251161	-3.057460083310996	-3.1303751280531653	-2.9887301876427657	-3.0553675087740264	-3.1219240126234773	-3.2080152587722512	-3.049965982727706	-3.1148574044969757	0.00024978693128034483	0.00010380342328690114	0.0004761671795485862	0.000209588561142946	0.001743181149787195	0.0008536478788071118	0.0030122366798178576	0.0015534200202619048	0.8046903407897528	0.6119333229474996	chr7	22000000	22500000
175	1.000249693074727	0.9999766501688484	1.000541202573959	1.00024045977805	0.052278058813675504	0.05198654931444335	0.052551101719554016	0.052287292110352324	0.5	0.5	0.5	0.5	0.023390643742502992	0.023390643742502992	0.023390643742502992	0.023390643742502992	-2.2187133522386455	-2.259471208710563	-2.1861253144660084	-2.2146284428890057	-1.0082529517010022	-1.4394070340878615	-0.6141743882144475	-0.98971519225085	0.0005922246282836273	0.00025790686339066205	0.0012241705892888802	0.00044341053022748365	0.014984971167341956	0.007049708633087623	0.029421190115741333	0.011734492960269436	1.0525277518884024	0.523390643742503	chr1	231500000	232000000
176	1.000249693074727	0.9999766501688484	1.000541202573959	1.00024045977805	-0.004771351143180086	-0.005062860642412237	-0.004498308237301574	-0.0047621178465032665	0.5	0.5	0.5	0.5	0.008059701492537319	0.008059701492537319	0.008059701492537319	0.008059701492537319	-3.1121139597395704	-3.1469293974072006	-3.0660865380644537	-3.1177199517433136	-3.8447304405878744	-3.951046861825213	-3.752966999107315	-3.8374539507094854	0.0002394113189579864	9.935043067622442e-05	0.0004726025963875877	0.00019284612438406673	0.0008442698134522836	0.000406054418287372	0.0014550662491883005	0.0007579792931667311	0.9954783419315468	0.5080597014925373	chr12	79000000	79500000
177	1.000249693074727	0.9999766501688484	1.000541202573959	1.00024045977805	0.017221687926270074	0.016930178427037923	0.017494730832148586	0.017230921222946893	0.669382254233366	0.6681738134921608	0.6711138725961979	0.6691206654225526	0.012456756000328889	0.01072513763749694	0.013665196741534102	0.012718344811142257	-2.9648430646617747	-3.0790311907682275	-2.8826795295051815	-2.948830769186844	-3.5252854883710296	-3.561217633608634	-3.4987193117861626	-3.5206025040446614	0.0002711889445556972	0.00011347945321887855	0.0005012539943629719	0.0002350111653204691	0.0011632856656046838	0.0005996321680828623	0.0020670532416095983	0.0009932286263631372	1.017471381000997	0.6818390102336949	chr11	99500000	100000000
178	1.000249693074727	0.9999766501688484	1.000541202573959	1.00024045977805	0.013082308124520575	0.012790798625288424	0.013355351030399087	0.013091541421197395	0.5	0.5	0.5	0.5	0.0033255086071987128	0.0033255086071987128	0.0033255086071987128	0.0033255086071987128	-3.203278768386732	-3.246199094074033	-3.1457601923921565	-3.210577893540369	-3.670233881241216	-3.7347137313741268	-3.6203709360775846	-3.6629254287565765	0.0002182496842426506	8.996166249143967e-05	0.0004280513063829901	0.00017749288404808638	0.0010060022590687987	0.0005041230152980343	0.0017691097400383666	0.0008753881404693968	1.0133320011992475	0.5033255086071987	chrX	81000000	81500000
179	1.000249693074727	0.9999766501688484	1.000541202573959	1.00024045977805	0.0036253521441600156	0.0033338426449278646	0.003898395050038528	0.003634585440836835	0.669382254233366	0.6681738134921608	0.6711138725961979	0.6691206654225526	0.006049394744932796	0.004317776382100846	0.007257835486138009	0.0063109835557461635	-3.262082572319758	-3.344457128006587	-3.1753347446470013	-3.264269208312722	-3.855507793104935	-3.959260936728496	-3.7653073110408464	-3.8487314623251985	0.00020341653400566414	8.333950302059539e-05	0.0003844012812298093	0.00017296267588612596	0.0008357209483418127	0.0004027327179051469	0.0014459647209595407	0.0007470931772512815	1.003875045218887	0.6754316489782988	chr9	32000000	32500000
180	0.8308254258049954	0.8289085694857005	0.8322763729810638	0.8310583803766087	-0.029091424825792522	-0.03054237200186094	-0.027174568506497576	-0.029324379397405786	0.601962928653857	0.6010871118389441	0.6032191678319873	0.6017727174722485	0.034400707709779293	0.033144468531649096	0.03527652452469221	0.034590918891387934	-1.816593940195569	-1.8285520496008845	-1.8051468031070375	-1.8163384540371772	-2.9438787900121506	-3.0104027880910387	-2.8710081346175085	-2.9470521186700283	0.0008757696237427518	0.0003721922862302968	0.0017503868306221995	0.0006902496890592553	0.0020834162972492246	0.0010401614906423045	0.003620677089588377	0.0018364133043831088	0.8017340009792029	0.6363636363636364	chr12	110000000	110500000
181	1.0849618267095926	1.0846307135238966	1.0855863277390516	1.0848151327877114	0.0003457347768804353	-0.0002787662525784995	0.0006768479625764989	0.0004924286987618709	0.5390391353685379	0.5387823643209887	0.5394069317957011	0.5389836226787309	-0.004397103035974431	-0.0047648994631376285	-0.004140331988425228	-0.004341590346167434	-3.171644094374323	-3.210071397226846	-3.1218224092300133	-3.177341285520216	-3.8755574690268197	-3.984387020068332	-3.7804855521908936	-3.868678651924027	0.00022576108044379623	9.327119305865082e-05	0.0004459019553853467	0.0001819355866655937	0.0008189843393200468	0.00039273969061729677	0.001412614581022414	0.0007352915428202381	1.0853075614864731	0.5346420323325635	chr3	179500000	180000000
182	1.3390982276141898	1.3370708617597493	1.3422640859924022	1.3385289813523036	-0.012634107411440443	-0.015799965789653037	-0.010606741557000143	-0.012064861149554296	0.626520067753774	0.6258458578413996	0.6274849765318109	0.6263747183209427	-0.003749344398088439	-0.004714253176125394	-0.0030751344857140595	-0.0036039949652571512	-3.2483724563439047	-3.288283631490506	-3.199565843746445	-3.2528201750693335	-3.7365668974463957	-3.79377903504142	-3.700992008050786	-3.7257482733466882	0.00020962209465103876	8.625422755532543e-05	0.0004162832735683065	0.00016797543874026157	0.000934451298730797	0.0005214127943147092	0.0016611276369758454	0.0007776323818163168	1.3264641202027492	0.6227707233556855	chr7	79500000	80000000
183	1.4238103612490554	1.421203276556197	1.4278233387435193	1.4231074148482528	0.11104141609454332	0.10702843860007949	0.11364850078740174	0.11174436249534603	0.6487404971900095	0.6479950408647979	0.6498071407531566	0.6485799035710416	0.012022214674397458	0.010955571111250229	0.01276767099960896	0.012182808293365321	-2.9848019882846994	-3.0563497942946203	-2.926663198885919	-2.9780974799791298	3.2149055193538736	2.6467396127843075	3.774072399310655	3.2194050326602657	0.0002684244893352383	0.00011263216349112845	0.0005127530492892611	0.00022415637228028195	0.8907248625078341	0.7589439936351653	0.9644740847224058	0.9197406858368828	1.5348517773435988	0.6607627118644068	chr8	135500000	136000000
184	1.000249693074727	0.9999766501688484	1.000541202573959	1.00024045977805	-0.031079576755237676	-0.03137108625446983	-0.030806533849359163	-0.031070343458560856	0.5	0.5	0.5	0.5	0.01954976303317535	0.01954976303317535	0.01954976303317535	0.01954976303317535	-2.4556916554239248	-2.486633231991589	-2.4291789326895428	-2.4534772285072837	-2.7829856912322657	-2.8820465225953447	-2.7127264476107005	-2.7685848973615084	0.0004666013108143005	0.00020219151262951512	0.000960030644658476	0.0003520915429846054	0.0024407100829516777	0.001400812353784282	0.004400537087660815	0.001980745445180807	0.9691701163194892	0.5195497630331753	chr10	129500000	130000000
185	1.000249693074727	0.9999766501688484	1.000541202573959	1.00024045977805	0.007886760366453166	0.007595250867221015	0.008159803272331678	0.007895993663129985	0.5	0.5	0.5	0.5	0.0013016411997736066	0.0013016411997736066	0.0013016411997736066	0.0013016411997736066	-3.265190623359036	-3.3134029984064153	-3.200153194977945	-3.2736031500258926	-3.797602704124583	-3.888303921657183	-3.72064206448088	-3.790732415180134	0.00020497009125141266	8.41145619939326e-05	0.0004002965031525658	0.00016773464992957614	0.000885605684119653	0.00043234770015141295	0.001541324638442637	0.0007843751989422811	1.00813645344118	0.5013016411997736	chr1	237500000	238000000
186	1.000249693074727	0.9999766501688484	1.000541202573959	1.00024045977805	0.0007380940283150117	0.0004465845290828607	0.001011136934193524	0.0007473273249918311	0.5	0.5	0.5	0.5	-0.012719124818768968	-0.012719124818768968	-0.012719124818768968	-0.012719124818768968	-2.910144913754576	-2.9267501298800074	-2.8899077991262097	-2.911960863006043	-3.8705390768280896	-3.9786625365071604	-3.7761088872336908	-3.863692441785753	0.00029397370979795224	0.00012382045483675188	0.000588655330219995	0.00023170952706753098	0.0008231523094937224	0.0003949943697999177	0.0014206324150451421	0.0007384912265649149	1.000987787103042	0.48728087518123103	chr2	224000000	224500000
187	1.000249693074727	0.9999766501688484	1.000541202573959	1.00024045977805	0.028233638526651034	0.027942129027418883	0.028506681432529546	0.028242871823327853	0.669382254233366	0.6681738134921608	0.6711138725961979	0.6691206654225526	-0.013011597862709584	-0.014743216225541533	-0.01180315712150437	-0.012750009051896216	-2.8844186278204793	-2.9627529554561134	-2.7696896323515974	-2.9026159617371032	-2.9634099512324843	-3.053573719742878	-2.8944611520432844	-2.952802466571887	0.0003134747038507394	0.0001317631906076477	0.0006829724389372019	0.00021958159292905394	0.002047886146092602	0.0011680288875716685	0.0037630180028477254	0.001630248846975507	1.028483331601378	0.6563706563706564	chr17	56000000	56500000
188	1.000249693074727	0.9999766501688484	1.000541202573959	1.00024045977805	0.004604230154515027	0.004312720655282876	0.004877273060393539	0.004613463451191846	0.669382254233366	0.6681738134921608	0.6711138725961979	0.6691206654225526	0.026085167862951314	0.024353549500119365	0.027293608604156527	0.026346756673764682	-1.7846907408934674	-1.901903392426875	-1.6882120358907065	-1.774323767628144	-3.8459625602567473	-3.947408971901379	-3.758070061587362	-3.839185603769124	0.0008757007275472712	0.0003936314763943279	0.001626589459668818	0.0007412909870629696	0.0008437574694890491	0.00040753428973682387	0.001461518308592201	0.000752988639813586	1.004853923229242	0.6954674220963173	chr13	101000000	101500000
189	1.000249693074727	0.9999766501688484	1.000541202573959	1.00024045977805	0.018438098655815666	0.018146589156583515	0.018711141561694178	0.018447331952492485	0.5	0.5	0.5	0.5	-0.012138484272746441	-0.012138484272746441	-0.012138484272746441	-0.012138484272746441	-2.925518869833752	-2.9456537717065014	-2.900428412229388	-2.9279966476995587	-3.475564075420748	-3.5018913798761364	-3.4454813002580096	-3.4774418107744243	0.0002892930074695681	0.00012150178203508532	0.000577699006621937	0.0002289856206106249	0.0012227936945368816	0.0006362825131387267	0.0021800810386673956	0.0010374056131707023	1.0186877917305426	0.48786151572725356	chr3	129000000	129500000
190	1.000249693074727	0.9999766501688484	1.000541202573959	1.00024045977805	-0.021194887279596536	-0.021486396778828687	-0.020921844373718024	-0.021185653982919717	0.669382254233366	0.6681738134921608	0.6711138725961979	0.6691206654225526	-0.02521360411435883	-0.026945222477190778	-0.024005163373153615	-0.02495201530354546	-1.7973742835898505	-2.037678805396265	-1.5022751333627458	-1.8247715978001957	-3.3537682839875953	-3.379009089213035	-3.340233931716033	-3.347915057510657	0.0009963862142071918	0.0004399893854470684	0.002425684435029865	0.000559935518175917	0.0013767404505031081	0.0007194772872509563	0.0024220382030444654	0.0011827231558585055	0.9790548057951304	0.6441686501190071	chr1	5500000	6000000
191	1.1696739603444581	1.168806032166854	1.1711455804901685	1.1693721143604052	0.020559303103606985	0.019087682957896757	0.021427231281211156	0.020861149087660014	0.5724233473510669	0.5719815029021318	0.5730560351987215	0.5723279256517073	0.0019977153951615534	0.0013650275475070028	0.002439559844096717	0.002093137094521247	-3.2808558605950244	-3.331508486199759	-3.211993687378097	-3.28996063440112	-3.409431616693003	-3.5024616805069755	-3.370661524115811	-3.3823016310746126	0.00020151419407532094	8.260533073065114e-05	0.0003918682415932867	0.00016579160198867298	0.0013109421331632233	0.0006359197442735805	0.0022968469553288503	0.0011555009165252314	1.1902332634480652	0.5744210627462285	chr12	30500000	31000000
192	1.000249693074727	0.9999766501688484	1.000541202573959	1.00024045977805	0.009145281087684393	0.008853771588452242	0.009418323993562905	0.009154514384361212	0.5	0.5	0.5	0.5	-0.018149012948418586	-0.018149012948418586	-0.018149012948418586	-0.018149012948418586	-2.5644047787817055	-2.581418236596374	-2.5473850622572254	-2.564407908136611	-3.772424894397538	-3.8577943810734894	-3.700942608208355	-3.765481294154154	0.0004176197612387675	0.00017958594098457635	0.0008529995977357741	0.00031894675311735967	0.0009081976951943961	0.0004457417135037827	0.0015841363004739592	0.0008014563833999213	1.0093949741624113	0.4818509870515814	chrX	85000000	85500000
193	1.000249693074727	0.9999766501688484	1.000541202573959	1.00024045977805	0.021264034512074897	0.020972525012842747	0.02153707741795341	0.021273267808751717	0.5	0.5	0.5	0.5	-0.004238376573336755	-0.004238376573336755	-0.004238376573336755	-0.004238376573336755	-3.1615666991392875	-3.2012445960880864	-3.108676006499275	-3.1681730969848942	-3.3478879297013515	-3.3693013259312194	-3.3090235922359863	-3.3566134003191	0.00022766940415425995	9.409812353819785e-05	0.00044768730338228744	0.0001844460948482772	0.0013901195426477312	0.0007407366228722063	0.002498822842123614	0.001160459352797552	1.0215137275868018	0.49576162342666324	chr11	72000000	72500000
194	1.1696739603444581	1.168806032166854	1.1711455804901685	1.1693721143604052	-0.007938135887336162	-0.00940975603304639	-0.00707020770973199	-0.007636289903283133	0.5724233473510669	0.5719815029021318	0.5730560351987215	0.5723279256517073	0.005967622009262791	0.00533493416160824	0.006409466458197954	0.006063043708622484	-3.173463592911471	-3.2190555742222164	-3.1117872933245856	-3.181505752049541	-3.8100094468776913	-3.8729384813217127	-3.7453865977825815	-3.810856354203236	0.00022410865537695625	9.255493113229907e-05	0.0004357586625951547	0.00018406051389018564	0.000871784352782978	0.00043904221330123806	0.001517774340087402	0.0007651604288716359	1.161735824457122	0.5783909693603297	chr3	150000000	150500000
195	0.8308254258049954	0.8289085694857005	0.8322763729810638	0.8310583803766087	-0.012448053001055892	-0.01389900017712431	-0.010531196681760946	-0.012681007572669156	0.601962928653857	0.6010871118389441	0.6032191678319873	0.6017727174722485	0.020358138875459536	0.01910189969732934	0.021233955690372452	0.020548350057068177	-2.388236439923743	-2.461541711661228	-2.3308059278844278	-2.380299060074658	-3.71316213928721	-3.846216349826415	-3.6197719660989263	-3.6933301206117495	0.00048552970346361126	0.00021081808553350892	0.0009294587490904792	0.0004009209896152285	0.000964593805515485	0.00045093251664552364	0.0016443590833123021	0.000881541811052057	0.8183773728039395	0.6223210675293166	chr6	149000000	149500000
196	1.000249693074727	0.9999766501688484	1.000541202573959	1.00024045977805	0.016417012324776187	0.016125502825544036	0.0166900552306547	0.016426245621453006	0.5	0.5	0.5	0.5	-0.020585738539898146	-0.020585738539898146	-0.020585738539898146	-0.020585738539898146	-2.3329186899392145	-2.3885995320778273	-2.2892135797038016	-2.3269308239876145	-3.556416133684821	-3.598405145356356	-3.5299849800385106	-3.5486372046722083	0.0005297809000430098	0.00023271582456371064	0.001104259836681558	0.00039107396946338536	0.0011275288005424793	0.000577742866636866	0.001999221457469896	0.0009665754390315777	1.016666705399503	0.47941426146010185	chr16	7500000	8000000
197	1.000249693074727	0.9999766501688484	1.000541202573959	1.00024045977805	0.016465670765538593	0.01617416126630644	0.016738713671417105	0.016474904062215412	0.5	0.5	0.5	0.5	-0.009433962264150941	-0.009433962264150941	-0.009433962264150941	-0.009433962264150941	-2.663899055968243	-2.680256505298919	-2.6447882477225146	-2.66527573542577	-3.5545737582638997	-3.596203320393423	-3.5285179769051327	-3.546786867878522	0.00037605812786009076	0.00015843211357313667	0.0007531401722964534	0.0002963301127853865	0.001129613647670003	0.0005790163567894941	0.00200317477335182	0.0009681317302693488	1.0167153638402655	0.49056603773584906	chr12	44000000	44500000
198	1.000249693074727	0.9999766501688484	1.000541202573959	1.00024045977805	0.002930888726563524	0.002639379227331373	0.0032039316324420364	0.0029401220232403436	0.5	0.5	0.5	0.5	0.021802325581395388	0.021802325581395388	0.021802325581395388	0.021802325581395388	-2.3572451817380644	-2.379521739519592	-2.33721828910316	-2.3561203491647524	-3.860915179566498	-3.9660522474172986	-3.7693449491583904	-3.854131760845152	0.0005140883274641759	0.00022163103938244408	0.0010525024033880654	0.00039110993354309705	0.0008311954935505705	0.00040000690130366344	0.0014371033689092746	0.0007438358519946721	1.0031805818012904	0.5218023255813954	chrX	29500000	30000000
199	1.000249693074727	0.9999766501688484	1.000541202573959	1.00024045977805	-0.031398174594641476	-0.03168968409387363	-0.031125131688762964	-0.031388941297964656	0.669382254233366	0.6681738134921608	0.6711138725961979	0.6691206654225526	0.012758652375044782	0.011027034012212833	0.013967093116249996	0.01302024118585815	-2.8754920756815805	-2.9563144348197206	-2.8105395202154124	-2.867557173845594	-2.761510104395315	-2.8643773080092183	-2.687706407178121	-2.74697835119696	0.0002988550263642375	0.00012497750262994834	0.0005666997960820496	0.000251871403372476	0.0024940373857784554	0.0014363028711948727	0.004500552209312478	0.002019647231303236	0.9688515184800854	0.6821409066084108	chr8	123000000	123500000
200	1.1696739603444581	1.168806032166854	1.1711455804901685	1.1693721143604052	0.016917778264963323	0.015446158119253095	0.017785706442567495	0.017219624249016352	0.5724233473510669	0.5719815029021318	0.5730560351987215	0.5723279256517073	0.00010374107955166134	-0.0005289467681028892	0.000545585528486825	0.0001991627789113548	-3.2463901878803387	-3.292418785777528	-3.185014832141416	-3.254063566801205	-3.5634632385050615	-3.6720122062187794	-3.50192242354486	-3.5399591621283033	0.00020897453457130786	8.589828945315765e-05	0.0004090447664870191	0.0001704775411725274	0.0011230740187302935	0.0005367443129802739	0.0019540241869279947	0.0010007637875064524	1.1865917386094216	0.5725270884306186	chr1	38000000	38500000
201	1.1696739603444581	1.168806032166854	1.1711455804901685	1.1693721143604052	-0.06483598602892726	-0.06630760617463749	-0.06396805785132309	-0.06453414004487423	0.5724233473510669	0.5719815029021318	0.5730560351987215	0.5723279256517073	-0.01016503335261379	-0.01079772120026834	-0.009723188903678626	-0.010069611653254096	-3.0176439646608406	-3.0368401070642363	-2.999097324690876	-3.0173192134441256	0.2685707308661375	-0.4085879728555102	0.9934967999796438	0.24468704817020814	0.0002655453655107388	0.00011091261003737599	0.0005380613901671778	0.00020660373091920068	0.05576192364330461	0.019762878376977485	0.10725089269052282	0.048016961752859064	1.104837974315531	0.5622583139984532	chr4	185000000	185500000
202	1.000249693074727	0.9999766501688484	1.000541202573959	1.00024045977805	0.03391488154854436	0.033623372049312206	0.03418792445442287	0.033924114845221176	0.669382254233366	0.6681738134921608	0.6711138725961979	0.6691206654225526	-0.015354496328086303	-0.017086114690918253	-0.01414605558688109	-0.015092907517272935	-2.722280860312858	-2.8204939100077224	-2.576770994658512	-2.745929268292598	-2.5819701896989344	-2.743634278066179	-2.4453666744230738	-2.569439903153242	0.0003724677624380833	0.00015790632447837565	0.000828298124646817	0.0002518333003135703	0.0030125915544164388	0.0018301759215553287	0.005639125725592379	0.0022905322852590244	1.0341645746232713	0.6540277579052797	chr11	100000000	100500000
203	1.000249693074727	0.9999766501688484	1.000541202573959	1.00024045977805	0.011350077567784361	0.01105856806855221	0.011623120473662873	0.01135931086446118	0.5	0.5	0.5	0.5	-0.001084128360797909	-0.001084128360797909	-0.001084128360797909	-0.001084128360797909	-3.212675416921198	-3.2563921284134896	-3.1540248551294923	-3.2201423420709054	-3.71954106751144	-3.793986843968664	-3.659340386238683	-3.712418519919207	0.00021617997912013213	8.90493377541598e-05	0.0004237209696574585	0.00017597480453445516	0.0009575516864030751	0.0004751104026536127	0.0016774950062547753	0.0008388006683519561	1.0115997706425113	0.4989158716392021	chr2	196000000	196500000
204	0.8308254258049954	0.8289085694857005	0.8322763729810638	0.8310583803766087	-0.0028632563630951458	-0.004314203539163564	-0.0009464000438001996	-0.00309621093470841	0.601962928653857	0.6010871118389441	0.6032191678319873	0.6017727174722485	-0.021471255378678583	-0.02272749455680878	-0.020595438563765667	-0.021281044197069943	-2.3965561616616724	-2.451432384743704	-2.313728292453619	-2.4105319847246833	-3.8788136736751673	-3.997122936128931	-3.778589605344542	-3.869771076613598	0.0005045001742108856	0.00021548207345941948	0.0010775183432248517	0.0003625001400796355	0.0008162913812523953	0.00038776950797996066	0.0014003063389257011	0.0007385448390519598	0.8279621694419003	0.5804916732751785	chr6	146000000	146500000
205	1.000249693074727	0.9999766501688484	1.000541202573959	1.00024045977805	0.015909222432125086	0.015617712932892935	0.0161822653380036	0.015918455728801906	0.5	0.5	0.5	0.5	-0.012288512911843297	-0.012288512911843297	-0.012288512911843297	-0.012288512911843297	-2.9410415033316157	-2.959003837311073	-2.9187737181395654	-2.9431942289379123	-3.5753336661279684	-3.6210210825622857	-3.545041699326009	-3.5676359413117895	0.0002849563044706526	0.00011989050453466958	0.0005699973199147489	0.0002249686967165959	0.0011063456031163998	0.0005648233148006936	0.001959065276583861	0.0009507469105405221	1.016158915506852	0.4877114870881567	chr2	50000000	50500000
206	0.8308254258049954	0.8289085694857005	0.8322763729810638	0.8310583803766087	-0.029057396341463426	-0.030508343517531844	-0.02714054002216848	-0.02929035091307669	0.601962928653857	0.6010871118389441	0.6032191678319873	0.6017727174722485	0.0021882944743860377	0.0009320552962558404	0.003064111289298954	0.0023785056559946782	-3.2424377749960236	-3.291540524943658	-3.1764610114400043	-3.250874781800216	-2.94602249608133	-3.0127887895653025	-2.8731567402745353	-2.9490722272427417	0.0002093428847911044	8.597376369466457e-05	0.0004070966112981855	0.0001721505820857838	0.0020789468695439437	0.001037682622259984	0.003612658655009622	0.0018327231004530839	0.801768029463532	0.6041512231282431	chr9	15000000	15500000
207	1.1696739603444581	1.168806032166854	1.1711455804901685	1.1693721143604052	-0.01565174256531876	-0.01712336271102899	-0.014783814387714589	-0.015349896581265732	0.5724233473510669	0.5719815029021318	0.5730560351987215	0.5723279256517073	-0.4057566806844003	-0.4063893685320549	-0.40531483623546516	-0.40566125898504063	2.7434245198695857	2.6786990657615997	2.796073739117931	2.749462637299405	-3.5948625891307007	-3.6254168295408875	-3.577435384227882	-3.588299071377017	0.08196889337144683	0.03786022775469322	0.15871147401346117	0.06565193585881648	0.0010791332879472562	0.0005821313310969676	0.0019105821111112427	0.0009119098547904074	1.1540222177791395	0.16666666666666666	chrX	137500000	138000000
208	1.000249693074727	0.9999766501688484	1.000541202573959	1.00024045977805	-0.022443599743801085	-0.022735109243033236	-0.022170556837922573	-0.022434366447124265	0.5	0.5	0.5	0.5	0.028960817717206155	0.028960817717206155	0.028960817717206155	0.028960817717206155	-1.7507911391497895	-1.8352109648219832	-1.6890606229650658	-1.7394464844060544	-3.292340898362463	-3.3072103942558346	-3.2760296262718445	-3.2930617864610863	0.000952687215449736	0.0004245718102160605	0.0020124003955955387	0.0006868883279936725	0.0014639708725201733	0.0007730344802734711	0.0025826441121311544	0.001250102448838034	0.9778060933309258	0.5289608177172062	chr1	98000000	98500000
209	1.000249693074727	0.9999766501688484	1.000541202573959	1.00024045977805	-0.014637745686779474	-0.014929255186011625	-0.014364702780900962	-0.014628512390102655	0.5	0.5	0.5	0.5	-0.006789693593314772	-0.006789693593314772	-0.006789693593314772	-0.006789693593314772	-3.1415572082907053	-3.1791692477628057	-3.091577628316987	-3.1477409785415142	-3.6220558895426405	-3.692549761559299	-3.5695577028357457	-3.613058046887759	0.00023235267734793177	9.619847003779581e-05	0.00045764991821923564	0.0001877811605673478	0.0010533700366609073	0.0005258333229896902	0.001830780518063895	0.000928433152795022	0.9856119473879474	0.49321030640668523	chr22	33500000	34000000
210	1.1696739603444581	1.168806032166854	1.1711455804901685	1.1693721143604052	-0.016957216419048238	-0.018428836564758466	-0.016089288241444066	-0.01665537043499521	0.5724233473510669	0.5719815029021318	0.5730560351987215	0.5723279256517073	-0.002733081864341319	-0.0033657697119958696	-0.0022912374154061554	-0.0026376601649816256	-3.206237524280251	-3.2468620106060317	-3.1537803657590437	-3.2121538603779642	-3.545303414117407	-3.5808158678693744	-3.524602076825655	-3.5378978558872998	0.0002180671139996017	8.990204518096161e-05	0.0004302633395917741	0.00017605153561283556	0.0011338453282000592	0.0006200091757103711	0.0020142386307347277	0.0009505667531775688	1.15271674392541	0.5696902654867256	chr1	53500000	54000000
211	1.000249693074727	0.9999766501688484	1.000541202573959	1.00024045977805	0.019671045642322776	0.019379536143090625	0.01994408854820129	0.019680278938999596	0.5	0.5	0.5	0.5	0.004727116458960068	0.004727116458960068	0.004727116458960068	0.004727116458960068	-3.171802889636923	-3.212175812577966	-3.117913214597591	-3.178561265686067	-3.421932510505218	-3.4389829503219267	-3.388121284323633	-3.4303129036876556	0.00022532444518720386	9.307511811208557e-05	0.0004428299401608326	0.00018269636123794867	0.0012904439837374865	0.0006782718710912316	0.002308786509045969	0.0010873587774063729	1.0199207387170497	0.5047271164589601	chr15	45500000	46000000
212	1.1696739603444581	1.168806032166854	1.1711455804901685	1.1693721143604052	0.03614733787230684	0.03467571772659661	0.03701526604991101	0.03644918385635987	0.5724233473510669	0.5719815029021318	0.5730560351987215	0.5723279256517073	0.00031757659558082074	-0.0003151112520737298	0.0007594210445159844	0.0004129982949405142	-3.2928986998216896	-3.34328833482307	-3.2252874390099855	-3.3015095127268514	-2.4517792586307827	-2.566753453892085	-2.388415545538475	-2.4259740175462854	0.0001993155092447128	8.163796135793056e-05	0.0003886613349010873	0.0001634813703599167	0.003434787002640868	0.0018677758852622098	0.006274085921523626	0.0027986431018888185	1.205821298216765	0.5727409239466478	chr15	79500000	80000000
213	1.000249693074727	0.9999766501688484	1.000541202573959	1.00024045977805	-0.0070891682144792745	-0.0073806777137114254	-0.006816125308600762	-0.007079934917802455	0.669382254233366	0.6681738134921608	0.6711138725961979	0.6691206654225526	-0.0009829269133843355	-0.0027145452762162847	0.00022551382782087792	-0.0007213381025709675	-3.300711965065191	-3.347052281946519	-3.244935045615213	-3.305430266349515	-3.8125808072017415	-3.914176928773778	-3.7261286379412146	-3.8050088310459866	0.00019864732087830162	8.133125795789974e-05	0.00039227571153544936	0.00016049115700992873	0.0008715981760671848	0.00042130503451319956	0.0015033104764024037	0.0007808885966765679	0.9931605248602476	0.6683993273199816	chr13	99500000	100000000
214	0.8308254258049954	0.8289085694857005	0.8322763729810638	0.8310583803766087	-0.00797089425897568	-0.009421841435044098	-0.006054037939680734	-0.008203848830588945	0.601962928653857	0.6010871118389441	0.6032191678319873	0.6017727174722485	-0.0010847220441967675	-0.002340961222326965	-0.00020890522928385113	-0.0008945108625881271	-3.2241123761664836	-3.266651032348596	-3.1704109206112108	-3.2296937758530646	-3.8170456851978396	-3.9482990301572745	-3.7151973989469864	-3.802343155843549	0.00021421940885142453	8.814045917292002e-05	0.00042246817668303285	0.00017313449977487266	0.0008690166257299718	0.0004071717218548871	0.001483199024463234	0.0007928478783008829	0.8228545315460197	0.6008782066096603	chr16	54500000	55000000
215	0.8308254258049954	0.8289085694857005	0.8322763729810638	0.8310583803766087	-0.009625098438893587	-0.011076045614962005	-0.007708242119598641	-0.009858053010506851	0.601962928653857	0.6010871118389441	0.6032191678319873	0.6017727174722485	-0.004173661404793055	-0.005429900582923253	-0.003297844589880139	-0.003983450223184415	-3.2122295713589866	-3.2488577425744705	-3.1700655527804376	-3.2149974950405196	-3.7840221655596573	-3.916973968089284	-3.6842364645924244	-3.767439114778461	0.00021783225683652714	8.97228037138214e-05	0.00043539360951932077	0.00017310630705648318	0.0008983735871300228	0.0004201282742573875	0.0015320854266785288	0.0008206403237920876	0.8212003273661018	0.597789267249064	chr1	22000000	22500000
216	0.8308254258049954	0.8289085694857005	0.8322763729810638	0.8310583803766087	0.15816695772602296	0.15671601054995454	0.1600838140453179	0.1579340031544097	0.5	0.5	0.5	0.5	-0.043243243243243246	-0.043243243243243246	-0.043243243243243246	-0.043243243243243246	-0.7590721193617698	-0.8797600754307373	-0.6755477334991751	-0.7404903342585833	3.3340023399639382	2.682834729638558	3.857891929115972	3.397641350550612	0.0025838360778619473	0.0011736988214502261	0.005544692288084333	0.0018084766009566146	0.999265844288674	0.9976901693087628	0.999922803704931	0.9997252020705012	0.9889923835310184	0.45675675675675675	chr6	128000000	128500000
217	1.1696739603444581	1.168806032166854	1.1711455804901685	1.1693721143604052	0.012712787747329757	0.011241167601619528	0.013580715924933928	0.013014633731382785	0.5724233473510669	0.5719815029021318	0.5730560351987215	0.5723279256517073	-0.0007953592163610079	-0.0014280470640155585	-0.0003535147674258443	-0.0006999375170013145	-3.2446077607649606	-3.2897976985770647	-3.184845023332521	-3.251894160575128	-3.7053167961024758	-3.825033732483007	-3.6236062952950903	-3.686313578315904	0.00020948312191535447	8.612373168298903e-05	0.0004108223795345283	0.00017049318822195026	0.0009738110615762296	0.0004605863331717886	0.0016840849736322139	0.0008752864697504579	1.182386748091788	0.5716279881347059	chr12	10000000	10500000
218	1.000249693074727	0.9999766501688484	1.000541202573959	1.00024045977805	0.006557339806065182	0.006265830306833031	0.006830382711943694	0.006566573102742002	0.5	0.5	0.5	0.5	-0.025936957061305554	-0.025936957061305554	-0.025936957061305554	-0.025936957061305554	-1.912186415819621	-2.0003595679533426	-1.8471732454202794	-1.9006064249524308	-3.820214000181638	-3.9158218146283668	-3.7382371700168013	-3.8133985080406916	0.0008114428420074614	0.00036244919312532084	0.0017180941321366825	0.0005826140213839211	0.0008657933699552185	0.00042061260546096105	0.0015036744466003034	0.0007694432138798047	1.006807032880792	0.47406304293869445	chr2	74000000	74500000
219	0.8308254258049954	0.8289085694857005	0.8322763729810638	0.8310583803766087	0.0004852565265008879	-0.0009656906495675299	0.002402112845795834	0.00025230195488762375	0.601962928653857	0.6010871118389441	0.6032191678319873	0.6017727174722485	-0.0007635283540069759	-0.0020197675321371733	0.00011228846090594047	-0.0005733171723983355	-3.2338817197661376	-3.2776922043756773	-3.1781343922890137	-3.239850141199929	-3.8860616535162444	-3.989597131025299	-3.793498205451299	-3.8805756387941894	0.0002120228110397485	8.717263797286018e-05	0.0004173952923959566	0.0001717616568950886	0.0008098661986527564	0.00039069879451626325	0.0013968499605721046	0.0007259580197613287	0.8313106823314963	0.6011994002998501	chr16	79500000	80000000
220	1.000249693074727	0.9999766501688484	1.000541202573959	1.00024045977805	-0.007297074561952305	-0.007588584061184456	-0.0070240316560737925	-0.007287841265275485	0.5	0.5	0.5	0.5	-0.013415038092083498	-0.013415038092083498	-0.013415038092083498	-0.013415038092083498	-2.8428693468938615	-2.8592108733248214	-2.823358037920306	-2.84445423816516	-3.809084932958289	-3.91014437150202	-3.7232290418875342	-3.8014831592218012	0.00031444428805868496	0.00013247206963657137	0.0006297761574113027	0.0002477644625934329	0.0008746256486642165	0.00042300740133268083	0.0015086927361422915	0.0007834012285909465	0.9929526185127746	0.4865849619079165	chr3	79000000	79500000
221	1.000249693074727	0.9999766501688484	1.000541202573959	1.00024045977805	0.0010605028109988701	0.0007689933117667191	0.0013335457168773823	0.0010697361076756895	0.5	0.5	0.5	0.5	0.03260869565217395	0.03260869565217395	0.03260869565217395	0.03260869565217395	-1.4909884060520706	-1.5875582450389008	-1.4216338734187781	-1.4773807528753018	-3.869834404270438	-3.977650887290734	-3.7756848473621085	-3.8630009412144553	0.0012378971440401355	0.0005551167635375725	0.0026293981659413087	0.0008835368233408304	0.0008237471461640803	0.00039539416773815694	0.001421972982862176	0.000738810717027994	1.0013101958857258	0.532608695652174	chr3	147000000	147500000
222	1.000249693074727	0.9999766501688484	1.000541202573959	1.00024045977805	-0.0053784268584093076	-0.0056699363576414585	-0.005105383952530795	-0.005369193561732488	0.5	0.5	0.5	0.5	-0.00773103200287667	-0.00773103200287667	-0.00773103200287667	-0.00773103200287667	-3.0459730482332468	-3.077438538487355	-3.00484803346996	-3.050802810487835	-3.8375230927849997	-3.9428280985847675	-3.7469128048701696	-3.8301757338425313	0.00025593130519279556	0.00010649991242488852	0.0005065571767427726	0.00020533406580176052	0.0008503153128844472	0.000409405435158279	0.0014656666470851348	0.0007630945846471874	0.9948712662163176	0.49226896799712333	chr6	125500000	126000000
223	1.000249693074727	0.9999766501688484	1.000541202573959	1.00024045977805	-0.018581972231065752	-0.018873481730297903	-0.01830892932518724	-0.018572738934388933	0.5	0.5	0.5	0.5	-0.014073494917904605	-0.014073494917904605	-0.014073494917904605	-0.014073494917904605	-2.8264338570737895	-2.8379256265399366	-2.8136025393625914	-2.827103631196315	-3.4717564419266704	-3.5169346894350983	-3.4466177067855854	-3.4617366857429994	0.000319959350626557	0.00013532199339770702	0.0006432239215680027	0.00025064574377025916	0.0012236714927450702	0.0006267823543984262	0.0021412437307928296	0.0010633299428945125	0.9816677208436612	0.4859265050820954	chr2	165500000	166000000
224	1.000249693074727	0.9999766501688484	1.000541202573959	1.00024045977805	0.03316699702946632	0.03287548753023417	0.033440039935344834	0.03317623032614314	0.669382254233366	0.6681738134921608	0.6711138725961979	0.6691206654225526	0.008117267846542292	0.006385649483710343	0.009325708587747505	0.00837885665735566	-3.1482378364338297	-3.23287090038692	-3.0678252462668354	-3.1461275995407827	-2.6354501611340537	-2.7872359348442126	-2.508186872423149	-2.623188918634426	0.00022763292626896346	9.395763089667501e-05	0.0004297799088522049	0.000193397082663487	0.0028536323667942933	0.0017187407424895098	0.005328674767249905	0.0021835569787188795	1.0334166901041932	0.6774995220799083	chr14	82000000	82500000
225	1.000249693074727	0.9999766501688484	1.000541202573959	1.00024045977805	-0.009621453138049324	-0.009912962637281475	-0.009348410232170812	-0.009612219841372505	0.5	0.5	0.5	0.5	0.0008759976640062561	0.0008759976640062561	0.0008759976640062561	0.0008759976640062561	-3.2244914951355907	-3.2691800126146404	-3.1644575587782136	-3.232164204574754	-3.763184849016229	-3.856989430449671	-3.6853235631905603	-3.755213201212343	0.0002136064507426655	8.791783531535659e-05	0.00041834976883845985	0.00017407909940842282	0.0009154001235629633	0.0004461006580210546	0.0015815660885638012	0.0008169668738334987	0.9906282399366776	0.5008759976640063	chr1	221500000	222000000
226	1.000249693074727	0.9999766501688484	1.000541202573959	1.00024045977805	0.00030983607017384673	1.8326570941695763e-05	0.0005828789760523589	0.0003190693668506661	0.669382254233366	0.6681738134921608	0.6711138725961979	0.6691206654225526	-0.002348561214207151	-0.0040801795770391	-0.0011401204730019376	-0.002086972403393783	-3.254482361267846	-3.2939026355475196	-3.209920268120296	-3.2570532707017854	-3.8710961675675817	-3.979556821315536	-3.7763678977106085	-3.8642299756220915	0.0002087217210234163	8.577092381521577e-05	0.0004163622078039	0.00016637687623727472	0.0008226731253318058	0.00039464129023598796	0.001419422823304022	0.0007383141938936067	1.0005595291449008	0.6670336930191588	chr17	80000000	80500000
227	1.000249693074727	0.9999766501688484	1.000541202573959	1.00024045977805	-0.031794512096737365	-0.032086021595969516	-0.03152146919085885	-0.031785278800060546	0.669382254233366	0.6681738134921608	0.6711138725961979	0.6691206654225526	-0.00732504642885759	-0.00905666479168954	-0.006116605687652377	-0.007063457618044222	-3.150798115917688	-3.178937451314682	-3.1120944384815825	-3.156080286937243	-2.7345413360982467	-2.8421817346018434	-2.6562923238357765	-2.719845642977684	0.00023464769736253902	9.708200191026367e-05	0.0004849518946257858	0.00017827844645705327	0.0025626758464650933	0.0014821391929289581	0.004629372658948326	0.002069595766991545	0.9684551809779895	0.6620572078045084	chr8	94500000	95000000
228	1.000249693074727	0.9999766501688484	1.000541202573959	1.00024045977805	-0.026642016865172896	-0.026933526364405047	-0.026368973959294384	-0.026632783568496077	0.5	0.5	0.5	0.5	-0.023468057366362427	-0.023468057366362427	-0.023468057366362427	-0.023468057366362427	-2.2780964253501805	-2.299622522567941	-2.258800639006468	-2.276981269913157	-3.0626889893465736	-3.1117599223458017	-3.035820302636335	-3.0515878662020794	0.0005563330941990557	0.00023971782898596925	0.001138359533307595	0.00042362750725132925	0.0018427132494248607	0.0010108909306015784	0.003283871453101751	0.0015380453069980561	0.973607676209554	0.4765319426336376	chr22	31500000	32000000
229	1.1696739603444581	1.168806032166854	1.1711455804901685	1.1693721143604052	-0.030542682973864754	-0.03201430311957498	-0.029674754796260583	-0.030240836989811726	0.5724233473510669	0.5719815029021318	0.5730560351987215	0.5723279256517073	-0.02887826538385388	-0.02951095323150843	-0.028436420934918716	-0.028782843684494186	-1.7938111533166563	-1.9008520744100323	-1.6825769529170094	-1.7959077929697917	-2.820058626292264	-2.980337009875618	-2.632263485936753	-2.833817004678342	0.0009285341941688463	0.0004102359789603621	0.0020254905259513636	0.0006392051358818298	0.0023541132249206105	0.0015099194598283752	0.00435019054854754	0.0017781714456532635	1.1391312773705935	0.5435450819672131	chr4	169000000	169500000
230	1.000249693074727	0.9999766501688484	1.000541202573959	1.00024045977805	0.046765712713746604	0.04647420321451445	0.04703875561962512	0.046774946010423424	0.5	0.5	0.5	0.5	-0.016701152822938214	-0.016701152822938214	-0.016701152822938214	-0.016701152822938214	-2.659324885871145	-2.669538552726644	-2.6467577371255047	-2.6605016268162163	-1.5270481205952815	-1.8740799225108038	-1.214508764554826	-1.5098018976577483	0.00037942686436871125	0.00016256991647646324	0.0007723102913216866	0.0002914136248383476	0.008817885704470325	0.004564520174605702	0.017127512800384048	0.006789754921445776	1.0470154057884735	0.4832988471770618	chr10	48500000	49000000
231	1.000249693074727	0.9999766501688484	1.000541202573959	1.00024045977805	0.027714829669420266	0.027423320170188115	0.027987872575298778	0.027724062966097085	0.5	0.5	0.5	0.5	0.0033299697275479545	0.0033299697275479545	0.0033299697275479545	0.0033299697275479545	-3.2002474326942636	-3.242927166586613	-3.1430719488173526	-3.207495307686544	-2.9953015105735314	-3.0793742032498264	-2.932124244025574	-2.9848537975093627	0.0002189210146651598	9.025649259609569e-05	0.0004294508953325352	0.00017798833536600414	0.001982991643562083	0.0011248554343822846	0.003637629800646058	0.0015847406696099945	1.0279645227441472	0.503329969727548	chr5	156000000	156500000
232	1.000249693074727	0.9999766501688484	1.000541202573959	1.00024045977805	-0.0028929199594109056	-0.0031844294586430566	-0.0026198770535323934	-0.0028836866627340862	0.5	0.5	0.5	0.5	0.013023119695639407	0.013023119695639407	0.013023119695639407	0.013023119695639407	-2.8678802281436937	-2.885285013776242	-2.8468001756512944	-2.8697178615736183	-3.8615563065155394	-3.9699842432976595	-3.767301669117262	-3.8544696568236176	0.0003066152987532165	0.00012906261672461486	0.0006135906830181632	0.00024190394763504389	0.0008303491856525568	0.0003984371639384699	0.0014310213537015249	0.0007459691124851165	0.997356773115316	0.5130231196956394	chr6	97000000	97500000
233	1.000249693074727	0.9999766501688484	1.000541202573959	1.00024045977805	-0.001898261535740492	-0.002189771034972643	-0.0016252186298619797	-0.0018890282390636726	0.669382254233366	0.6681738134921608	0.6711138725961979	0.6691206654225526	-0.007382691774385469	-0.009114310137217418	-0.006174251033180256	-0.007121102963572101	-3.1381394468188217	-3.1657227537231156	-3.100161935686949	-3.143336548932611	-3.8671064489776006	-3.976026854906312	-3.77219446502225	-3.86010223799092	0.0002375676965189809	9.836780655995517e-05	0.0004907732470432405	0.00018056486623636397	0.0008258282187704005	0.00039603682237589796	0.0014235046675312296	0.000741885692587237	0.9983514315389864	0.6619995624589805	chr8	113000000	113500000
234	1.000249693074727	0.9999766501688484	1.000541202573959	1.00024045977805	-0.0038980460493593105	-0.0041895555485914615	-0.0036250031434807983	-0.003888812752682491	0.669382254233366	0.6681738134921608	0.6711138725961979	0.6691206654225526	-0.018193487678395487	-0.019925106041227436	-0.016985046937190273	-0.01793189886758212	-2.4985545033264493	-2.62299123679937	-2.314563890034525	-2.528331443235951	-3.8535835829161096	-3.961073448905225	-3.760459091156272	-3.8464008958014713	0.000472304208228543	0.0002024172484244404	0.0010766183475733322	0.00030509061845819974	0.0008369100168588077	0.00040200342107932257	0.0014422630149142437	0.0007516868157208324	0.9963516470253676	0.6511887665549705	chr17	4000000	4500000
235	1.000249693074727	0.9999766501688484	1.000541202573959	1.00024045977805	-0.017056865502021706	-0.017348375001253857	-0.016783822596143194	-0.017047632205344887	0.5	0.5	0.5	0.5	-0.005642519111758282	-0.005642519111758282	-0.005642519111758282	-0.005642519111758282	-3.092507535636643	-3.12732534689699	-3.0465832941426623	-3.098060750753459	-3.533893750094257	-3.5895611767066278	-3.49743136891638	-3.5242912273770095	0.0002441508619399532	0.00010131731802463059	0.00048195885721866584	0.00019666363625825824	0.001150112984802927	0.0005828750674972149	0.0020068544778186117	0.0010053611969479408	0.9831928275727052	0.4943574808882417	chr19	16500000	17000000
236	0.8308254258049954	0.8289085694857005	0.8322763729810638	0.8310583803766087	-0.0012799637670971586	-0.0027309109431655765	0.0006368925521977875	-0.0015129183387104228	0.601962928653857	0.6010871118389441	0.6032191678319873	0.6017727174722485	0.003300229240879776	0.002043990062749579	0.004176046055792693	0.0034904404224884167	-3.2520374941645285	-3.304181775375862	-3.1810182147978345	-3.261474993242208	-3.885532796589043	-3.9974722577193607	-3.788280266196592	-3.87818933122011	0.00020696988088092201	8.491676853614751e-05	0.0004001991758432536	0.00017138178957214344	0.0008105792172440564	0.0003876340753748566	0.0013938022024457836	0.0007304402955777927	0.8295454620378983	0.6052631578947368	chr18	71500000	72000000
237	1.000249693074727	0.9999766501688484	1.000541202573959	1.00024045977805	-0.013946650793583287	-0.014238160292815438	-0.013673607887704775	-0.013937417496906468	0.5	0.5	0.5	0.5	0.03305582761998038	0.03305582761998038	0.03305582761998038	0.03305582761998038	-0.8824162321003277	-1.1202799056552717	-0.7155324324880077	-0.8469262951290157	-3.6448665734965826	-3.719176851417955	-3.5882325298400444	-3.6360284563641656	0.002348829467797968	0.0011300874169499818	0.005325602594984502	0.0014698139296286943	0.0010297127971621656	0.0005120166767147967	0.0017878624538643602	0.0009094860290347526	0.9863030422811436	0.5330558276199804	chr2	156500000	157000000
238	1.000249693074727	0.9999766501688484	1.000541202573959	1.00024045977805	0.03856198572425604	0.038270476225023886	0.03883502863013455	0.038571219020932856	0.5	0.5	0.5	0.5	-0.10243902439024388	-0.10243902439024388	-0.10243902439024388	-0.10243902439024388	3.6487640215189154	3.4947379322178733	3.90834027841197	3.595988937722909	-2.2289120790388552	-2.4546276271881258	-2.0317371328003127	-2.2146417780834913	0.1983279377857108	0.11514217864409619	0.38135873449496344	0.14840541900189183	0.0043116555706631966	0.002554268022188527	0.00818954635292105	0.003251403953771604	1.038811678798983	0.3975609756097561	chrX	65500000	66000000
239	0.8308254258049954	0.8289085694857005	0.8322763729810638	0.8310583803766087	-0.011891246909857212	-0.01334219408592563	-0.009974390590562265	-0.012124201481470476	0.601962928653857	0.6010871118389441	0.6032191678319873	0.6017727174722485	-0.0047272351524021705	-0.005983474330532368	-0.003851418337489254	-0.00453702397079353	-3.172616171531235	-3.2056864906706597	-3.1355890226737593	-3.1745945863902603	-3.7285760600764015	-3.8618874366701252	-3.6336402004103787	-3.7093883016125506	0.0002268346691968044	9.368107651818212e-05	0.0004548712347944715	0.000179393182737282	0.0009497981575796563	0.00044392099657836035	0.0016191113000191169	0.0008680801668605741	0.8189341788951382	0.5972356935014549	chr16	49500000	50000000
240	1.3390982276141898	1.3370708617597493	1.3422640859924022	1.3385289813523036	-0.019326745800769984	-0.022492604178982578	-0.017299379946329685	-0.018757499538883837	0.626520067753774	0.6258458578413996	0.6274849765318109	0.6263747183209427	0.00803035849682926	0.007065449718792305	0.008704568409203639	0.008175707929660547	-3.14064217604032	-3.199464024178945	-3.075308334677972	-3.143898172652182	-3.4842898823590667	-3.585027190181846	-3.353840248514869	-3.4991460453697765	0.00023073876460307722	9.555915542797095e-05	0.0004443800274315572	0.00019150793777639036	0.001203751050512959	0.0007378155042612321	0.0021874145884964264	0.0009448870546470884	1.3197714818134196	0.6345504262506032	chr7	82000000	82500000
241	1.000249693074727	0.9999766501688484	1.000541202573959	1.00024045977805	0.001815744164788996	0.001524234665556845	0.0020887870706675082	0.0018249774614658154	0.5	0.5	0.5	0.5	-0.0003000120004800211	-0.0003000120004800211	-0.0003000120004800211	-0.0003000120004800211	-3.2649858913673455	-3.3131810506443333	-3.199972952211448	-3.2733947813067994	-3.8672246549361287	-3.974143563060265	-3.773921413936523	-3.860416821373863	0.00020501262601179304	8.413323310465463e-05	0.00040038514251018243	0.00016776606421616756	0.0008259305130072353	0.00039678337806467733	0.0014265653708403978	0.0007401866515619333	1.002065437239516	0.49969998799952	chr7	46500000	47000000
242	1.000249693074727	0.9999766501688484	1.000541202573959	1.00024045977805	0.04951284153586008	0.04922133203662793	0.04978588444173859	0.0495220748325369	0.5	0.5	0.5	0.5	0.006402793946449381	0.006402793946449381	0.006402793946449381	0.006402793946449381	-3.143630963022755	-3.1815678955595903	-3.093200173702918	-3.149877891414256	-1.2726444804993051	-1.6615658617268787	-0.9197581337321807	-1.2546269632690805	0.0002318583861888733	9.596800030794132e-05	0.0004565582528504088	0.00018745364579857154	0.011435565440116455	0.005645323253749834	0.0223438825314575	0.008876527987629244	1.049762534610587	0.5064027939464494	chr2	74500000	75000000
243	1.000249693074727	0.9999766501688484	1.000541202573959	1.00024045977805	-0.0267655091831073	-0.02705701868233945	-0.026492466277228788	-0.02675627588643048	0.5	0.5	0.5	0.5	-0.019669669669669654	-0.019669669669669654	-0.019669669669669654	-0.019669669669669654	-2.4312892786448588	-2.4695685865288253	-2.3996266091734295	-2.4279809594385897	-3.05540792873969	-3.1057893437869657	-3.0282017341061334	-3.0438203185328305	0.0004787169545773423	0.00020829421264424402	0.000988825157650782	0.00035887422400717166	0.001856223657579439	0.0010195198750962034	0.003308985397491705	0.0015481946788649236	0.9734841838916196	0.48033033033033035	chr4	67500000	68000000
244	1.000249693074727	0.9999766501688484	1.000541202573959	1.00024045977805	-0.0009273094412793059	-0.001218818940511457	-0.0006542665354007937	-0.0009180761446024865	0.5	0.5	0.5	0.5	-0.004766600920447062	-0.004766600920447062	-0.004766600920447062	-0.004766600920447062	-3.194274362878452	-3.2363391267269375	-3.1379652180494872	-3.201396553368692	-3.870276612726617	-3.979258772072235	-3.7751661784085746	-3.8633407502128296	0.00022025514425780512	9.085306894356245e-05	0.0004322810387981416	0.00017894323464475828	0.0008232784396461018	0.0003947589303043139	0.0014195792054396213	0.0007393878114202361	0.9993223836334476	0.49523339907955294	chr4	33000000	33500000
245	1.1696739603444581	1.168806032166854	1.1711455804901685	1.1693721143604052	-0.019155387681303426	-0.020627007827013655	-0.018287459503699255	-0.018853541697250398	0.5724233473510669	0.5719815029021318	0.5730560351987215	0.5723279256517073	0.0043235025916592285	0.003690814744004678	0.004765347040594392	0.004418924291018922	-3.159523622124637	-3.201567694461838	-3.102033997735358	-3.167246398150677	-3.4535249057696125	-3.4976574638142126	-3.4120412185748137	-3.4522004703447116	0.00022759859317188498	9.406772549855261e-05	0.00044460925964130585	0.00018585869377384074	0.0012428503712608877	0.0006960996525669489	0.0022210524917222257	0.0010271246703771881	1.1505185726631548	0.5767468499427262	chr8	68000000	68500000
246	1.000249693074727	0.9999766501688484	1.000541202573959	1.00024045977805	0.007367535270378783	0.007076025771146632	0.0076405781762572955	0.007376768567055603	0.5	0.5	0.5	0.5	-0.05496688741721856	-0.05496688741721856	-0.05496688741721856	-0.05496688741721856	2.159884814078863	1.6784503529411463	2.537943513534424	2.21157269491994	-3.8069223947293653	-3.8996291662432734	-3.727907871425674	-3.800076270624257	0.0515804866627453	0.023560049166487324	0.124261265107111	0.029250316188691443	0.0008773859276178243	0.00042747887903589856	0.0015257210691767375	0.0007781718811293306	1.0076172283451057	0.44503311258278144	chrX	99500000	100000000
247	1.000249693074727	0.9999766501688484	1.000541202573959	1.00024045977805	-0.02149627574575133	-0.021787785244983482	-0.02122323283987282	-0.02148704244907451	0.5	0.5	0.5	0.5	0.03860679815358792	0.03860679815358792	0.03860679815358792	0.03860679815358792	-0.2548613759184988	-0.5408574687475252	-0.053489621651737096	-0.21254920663736643	-3.339237280631065	-3.3620236740038587	-3.325048638920304	-3.334938404800048	0.004450455425361316	0.0021909556109819795	0.010276160342152136	0.002667352874155576	0.0013968879871652938	0.0007318022839854941	0.0024590982338835252	0.001198325715396078	0.9787534173289756	0.5386067981535879	chr6	98500000	99000000
248	1.000249693074727	0.9999766501688484	1.000541202573959	1.00024045977805	0.034899008198498976	0.034607498699266825	0.03517205110437749	0.034908241495175796	0.669382254233366	0.6681738134921608	0.6711138725961979	0.6691206654225526	-0.001231908041476798	-0.0029635264043087473	-2.3467300271584612e-05	-0.0009703192306634301	-3.2524119981545923	-3.2941773905411242	-3.2028308011076305	-3.2563199004848067	-2.5101501972221176	-2.6850068203850332	-2.361073803013511	-2.4972600827449636	0.00020864735374475797	8.574736106273164e-05	0.0004135343241275789	0.0001676538648943607	0.0032402207078256634	0.001991135274246023	0.006084415912407402	0.002442665822324614	1.035148701273226	0.6681503461918892	chr11	116500000	117000000
249	0.8308254258049954	0.8289085694857005	0.8322763729810638	0.8310583803766087	-0.010260429987532294	-0.011711377163600711	-0.008343573668237347	-0.010493384559145558	0.601962928653857	0.6010871118389441	0.6032191678319873	0.6017727174722485	-0.013275563145095953	-0.01453180232322615	-0.012399746330183037	-0.013085351963487313	-2.867737825114955	-2.9180674341254145	-2.7951188321758513	-2.878882517079277	-3.769662847170059	-3.902944131047173	-3.6710020394209897	-3.752352609106037	0.0003142385238949079	0.00013240869192874565	0.0006658239564771951	0.00022936072358684546	0.0009114282253453723	0.00042606414778517465	0.001554046043579301	0.0008328013550085067	0.8205649958174631	0.5886873655087611	chr6	3500000	4000000
250	0.8308254258049954	0.8289085694857005	0.8322763729810638	0.8310583803766087	-0.021033777120742614	-0.02248472429681103	-0.019116920801447668	-0.021266731692355878	0.601962928653857	0.6010871118389441	0.6032191678319873	0.6017727174722485	-0.019315579295938107	-0.020571818474068304	-0.01843976248102519	-0.019125368114329466	-2.4379523036455826	-2.5390598995354035	-2.297914093205409	-2.4574176109207593	-3.388577532679097	-3.5009522896522434	-3.320603353004526	-3.366377244029809	0.0004933670236686835	0.00021306702802480716	0.001094693883758802	0.00033285359144556254	0.0013349209036940552	0.000636880320480031	0.0022888760950947064	0.001206963599600742	0.8097916486842528	0.582647349357919	chr4	101500000	102000000
251	1.000249693074727	0.9999766501688484	1.000541202573959	1.00024045977805	0.0049125080471920934	0.0046209985479599425	0.005185550953070606	0.004921741343868913	0.5	0.5	0.5	0.5	0.0019485580670304259	0.0019485580670304259	0.0019485580670304259	0.0019485580670304259	-3.1870660062556615	-3.2287495286907824	-3.1313144751940527	-3.194100010568906	-3.842491275632197	-3.9431252816841837	-3.7554167333001462	-3.835711543772229	0.00022186259532078523	9.154523050873545e-05	0.00043556916531391817	0.00018016799273024364	0.0008466970066416341	0.00040928378485924257	0.0014671728253730352	0.0007551657081671293	1.005162201121919	0.5019485580670304	chr2	163000000	163500000
252	1.1696739603444581	1.168806032166854	1.1711455804901685	1.1693721143604052	0.016189357331659937	0.014717737185949709	0.01705728550926411	0.016491203315712966	0.5724233473510669	0.5719815029021318	0.5730560351987215	0.5723279256517073	-0.0010982206312986353	-0.001730908478953186	-0.0006563761823634717	-0.0010027989319389419	-3.2101492207508864	-3.2523096410297345	-3.1547616610550744	-3.2167627904593687	-3.5908371746156797	-3.701848825796417	-3.5252641362200157	-3.568117868223144	0.00021696120966641227	8.94136236423907e-05	0.0004266356316747783	0.00017589779167423997	0.0010926102804022938	0.0005209662299192106	0.0018987211659584075	0.0009753768628657782	1.1858633176761182	0.5713251267197683	chr12	8500000	9000000
253	1.000249693074727	0.9999766501688484	1.000541202573959	1.00024045977805	0.015143237156850037	0.014851727657617886	0.015416280062728549	0.015152470453526856	0.5	0.5	0.5	0.5	-0.011786600496277888	-0.011786600496277888	-0.011786600496277888	-0.011786600496277888	-2.852195403838394	-2.872991837697546	-2.826501332138843	-2.854644222758593	-3.602798474710919	-3.6538811569570147	-3.5668792435346903	-3.595216749175985	0.0003112593457417645	0.0001306589983936554	0.0006212422977550648	0.00024656804340916896	0.0010763062238506383	0.0005465648094859582	0.0019021562262429219	0.0009282519298368366	1.015392930231577	0.4882133995037221	chr2	188500000	189000000
254	1.000249693074727	0.9999766501688484	1.000541202573959	1.00024045977805	0.001768427653729282	0.001476918154497131	0.0020414705596077942	0.0017776609504061014	0.5	0.5	0.5	0.5	-0.0038092897517817415	-0.0038092897517817415	-0.0038092897517817415	-0.0038092897517817415	-3.1731153353609436	-3.2136800627549746	-3.118958241783787	-3.1799115184525064	-3.867427618497487	-3.9744101004450236	-3.7740635844053516	-3.860618394569787	0.000225021615404007	9.293521510013629e-05	0.0004421670098034507	0.00018249211835622047	0.0008257611067614392	0.0003966776345536977	0.001426217661677843	0.0007400745654071081	1.0020181207284562	0.49619071024821826	chr7	134000000	134500000
255	1.000249693074727	0.9999766501688484	1.000541202573959	1.00024045977805	0.0102463946640787	0.00995488516484655	0.010519437569957213	0.01025562796075552	0.5	0.5	0.5	0.5	5.5685488361767455e-05	5.5685488361767455e-05	5.5685488361767455e-05	5.5685488361767455e-05	-3.269908651260992	-3.3185494447296033	-3.2042643970794877	-3.278410381617438	-3.747404377272638	-3.827568010132368	-3.6812905687701365	-3.7403794650940236	0.00020399129437219182	8.368278293251856e-05	0.00039824704407031485	0.00016701767524296695	0.00093122076403997	0.00045942055734577916	0.001627702106326362	0.0008188801962438695	1.0104960877388056	0.5000556854883618	chr2	225000000	225500000
256	1.000249693074727	0.9999766501688484	1.000541202573959	1.00024045977805	0.04165960988956338	0.04136810039033123	0.041932652795441894	0.0416688431862402	0.669382254233366	0.6681738134921608	0.6711138725961979	0.6691206654225526	0.0032849441259823198	0.0015533257631503705	0.004493384867187533	0.0035465329367956877	-3.3051512154704072	-3.3654744804059717	-3.2276231626150604	-3.313753609430298	-1.9749216079540064	-2.2454751521596954	-1.7352666418831983	-1.9594723188865661	0.0001959342180623381	8.009230765386728e-05	0.0003764064929725609	0.00016361903581146213	0.005583802071391586	0.0031484748760512438	0.010702862861002884	0.004241935274256108	1.0419093029642903	0.6726671983593483	chr13	76000000	76500000
257	0.8308254258049954	0.8289085694857005	0.8322763729810638	0.8310583803766087	0.19292411898320116	0.19147317180713275	0.1948409753024961	0.1926911644115879	0.5	0.5	0.5	0.5	0.006548840145179091	0.006548840145179091	0.006548840145179091	0.006548840145179091	-3.1551119147108135	-3.193756042701544	-3.1036569975206554	-3.1615173093105278	3.3347173457988903	2.682910269559345	3.8579748539510526	3.3989921298425827	0.00022918410487951475	9.480542739586525e-05	0.0004510375024954476	0.0001854467448133731	0.9999801540491141	0.9999348064751294	0.9999983436237536	0.9999937330487867	1.0237495447881966	0.5065488401451791	chr10	45000000	45500000
258	1.000249693074727	0.9999766501688484	1.000541202573959	1.00024045977805	-0.008438295400130552	-0.008729804899362703	-0.00816525249425204	-0.008429062103453733	0.5	0.5	0.5	0.5	0.014936582109479346	0.014936582109479346	0.014936582109479346	0.014936582109479346	-2.7779559075469153	-2.781395944857798	-2.7724376424479846	-2.778995021440939	-3.7881094736325442	-3.8858936960997275	-3.705875165420694	-3.780334516504878	0.00033646834173383836	0.00014333333711814386	0.0006810982001724245	0.0002607209148223926	0.0008930213387021825	0.00043339101243192017	0.0015414939036047521	0.0007986002193860291	0.9918113976745964	0.5149365821094793	chr4	32000000	32500000
259	0.8308254258049954	0.8289085694857005	0.8322763729810638	0.8310583803766087	0.028459388888317227	0.02700844171224881	0.030376245207612174	0.028226434316703963	0.601962928653857	0.6010871118389441	0.6032191678319873	0.6017727174722485	-0.0005919821734984565	-0.0018482213516286539	0.0002838346414144599	-0.000401770991889816	-3.210812507365822	-3.2530231861622916	-3.157045329778075	-3.2165907567614602	-2.950398922801377	-3.107216100431706	-2.7618361672329375	-2.9662717117704327	0.00021697033785460077	8.934984574336712e-05	0.0004274017241535491	0.00017556489076074345	0.0020787240877825973	0.0013299977107428822	0.003912398973405881	0.0015362498334908126	0.8592848146933126	0.6013709464803586	chr7	14000000	14500000
260	1.1696739603444581	1.168806032166854	1.1711455804901685	1.1693721143604052	0.006254238634840648	0.004782618489130419	0.007122166812444819	0.006556084618893676	0.5724233473510669	0.5719815029021318	0.5730560351987215	0.5723279256517073	0.02737605084351677	0.02674336299586222	0.027817895292451933	0.027471472542876463	-1.6125188921909777	-1.7135419699776238	-1.5339198839444004	-1.6013068574209433	-3.8451831614220833	-3.967249458168334	-3.7477041388975936	-3.832889524311203	0.0010795836039305538	0.0004985295260267355	0.0022333676657853275	0.0007932186119550763	0.0008454781625030517	0.00039952829529423027	0.0014554648371837356	0.0007634597587671206	1.175928198979299	0.5997993981945837	chr20	49000000	49500000
261	1.000249693074727	0.9999766501688484	1.000541202573959	1.00024045977805	-0.0012778863602977142	-0.0015693958595298652	-0.001004843454419202	-0.0012686530636208948	0.5	0.5	0.5	0.5	0.03030797692893672	0.03030797692893672	0.03030797692893672	0.03030797692893672	-1.2390983126368695	-1.4354020721579	-1.1001266149645677	-1.2104322817125053	-3.8693882503182326	-3.978395889337577	-3.774298924496394	-3.86242909371948	0.00162785590014417	0.0007678901788757713	0.00362647914185776	0.001058527139921574	0.0008239879734627659	0.00039509970797406516	0.001420609842127638	0.0007401211718746801	0.9989718067144292	0.5303079769289367	chr20	24000000	24500000
262	0.8308254258049954	0.8289085694857005	0.8322763729810638	0.8310583803766087	-0.01197352693087217	-0.013424474106940587	-0.010056670611577223	-0.012206481502485433	0.601962928653857	0.6010871118389441	0.6032191678319873	0.6017727174722485	0.005553346745629989	0.004297107567499792	0.006429163560542905	0.0057435579272386295	-3.230612592573694	-3.294938655000034	-3.154306990348509	-3.2366023624731155	-3.7263425812639257	-3.8596244983855605	-3.6316263954869976	-3.7070597155915728	0.0002107835475643146	8.658306893902047e-05	0.00040391541335711294	0.00017631785398056248	0.0009519282480993957	0.00044492669988992835	0.0016227414899596395	0.0008700224012740075	0.8188518988741232	0.607516275399487	chr7	12000000	12500000
263	1.000249693074727	0.9999766501688484	1.000541202573959	1.00024045977805	0.02624887490113867	0.025957365401906518	0.02652191780701718	0.02625810819781549	0.5	0.5	0.5	0.5	-0.0066198008201522884	-0.0066198008201522884	-0.0066198008201522884	-0.0066198008201522884	-3.1707814022044367	-3.2104599772911886	-3.117833394996584	-3.177416118264987	-3.0826397532839658	-3.1499374884965237	-3.0263786842285665	-3.077121420205387	0.0002255814030636103	9.32349567732558e-05	0.0004435803984254655	0.00018275512852785998	0.0018157145445469288	0.0010145160155246892	0.003315023344982925	0.0014666594088400505	1.0264985679758656	0.4933801991798477	chr10	76500000	77000000
264	0.8308254258049954	0.8289085694857005	0.8322763729810638	0.8310583803766087	0.010645685476016409	0.009194738299947991	0.012562541795311355	0.010412730904403145	0.601962928653857	0.6010871118389441	0.6032191678319873	0.6017727174722485	-0.00023399997216513868	-0.001490239150295336	0.0006418168427477777	-4.37887905564982e-05	-3.1910320210693266	-3.232214784366205	-3.1383195585080035	-3.196796870701548	-3.7471348442270167	-3.776644949153953	-3.709124420704647	-3.7513850035247334	0.00022124792455467982	9.122855188225066e-05	0.00043573773227749017	0.0001790127070294892	0.0009291292182436737	0.000483421574726049	0.001643711257804349	0.000794692020222148	0.8414711112810118	0.6017289286816919	chr16	61000000	61500000
265	0.8308254258049954	0.8289085694857005	0.8322763729810638	0.8310583803766087	-0.024119700347848827	-0.025570647523917245	-0.02220284402855388	-0.02435265491946209	0.601962928653857	0.6010871118389441	0.6032191678319873	0.6017727174722485	-0.013980096035831308	-0.015236335213961505	-0.013104279220918391	-0.013789884854222667	-2.7831625757385687	-2.818201659693236	-2.7325452504279424	-2.7909516964165473	-3.2335529725167587	-3.3311984837258297	-3.162796377820515	-3.2201085142603456	0.00033959391654545066	0.00014309662090016467	0.0007088180664381978	0.00025323048942172007	0.0015589061083880274	0.0007547115052016182	0.0026846428273455537	0.0013981350505024687	0.8067057254571466	0.5879828326180258	chr4	130500000	131000000
266	1.000249693074727	0.9999766501688484	1.000541202573959	1.00024045977805	0.024461439020039916	0.024169929520807765	0.024734481925918428	0.024470672316716735	0.5	0.5	0.5	0.5	0.0031354105428179624	0.0031354105428179624	0.0031354105428179624	0.0031354105428179624	-3.255355029275395	-3.302647454339221	-3.191618549181255	-3.2635770567905515	-3.183478016510833	-3.231230938793015	-3.133715930210772	-3.1844825985197733	0.00020702673057829805	8.502414262093799e-05	0.0004046134363606342	0.00016923467166581003	0.0016402365384320383	0.0009003442675143326	0.00297762921918954	0.0013414863335121402	1.0247111320947668	0.503135410542818	chr3	145500000	146000000
267	1.000249693074727	0.9999766501688484	1.000541202573959	1.00024045977805	0.008342565287935172	0.008051055788703021	0.008615608193813684	0.008351798584611991	0.5	0.5	0.5	0.5	-0.005200945626477549	-0.005200945626477549	-0.005200945626477549	-0.005200945626477549	-3.153106023844023	-3.1920462641140563	-3.101262617061579	-3.1595576071002283	-3.7889065742032466	-3.877753477333931	-3.7138485259162115	-3.7820121467814225	0.00022963254066947597	9.496766233899793e-05	0.000451813691351559	0.00018587440449367352	0.0008933445304221438	0.0004369333080546097	0.0015559998424427785	0.0007902224855955935	1.008592258362662	0.49479905437352245	chr1	190000000	190500000
268	0.8308254258049954	0.8289085694857005	0.8322763729810638	0.8310583803766087	0.008721330685488415	0.0072703835094199976	0.010638187004783362	0.008488376113875151	0.601962928653857	0.6010871118389441	0.6032191678319873	0.6017727174722485	0.009906907798680503	0.008650668620550306	0.01078272461359342	0.010097118980289144	-3.056297123897042	-3.1282612444999858	-2.9880061260959927	-3.0544605624960943	-3.79184463499752	-3.8385942058018747	-3.739995276200486	-3.79439452899386	0.0002501372247820307	0.00010394235148085239	0.000477174806145428	0.00020971587075092126	0.0008886310837863724	0.0004543827215080464	0.0015631479831323299	0.0007684968152525568	0.8395467564904838	0.6118698364525376	chr4	153500000	154000000
269	0.8308254258049954	0.8289085694857005	0.8322763729810638	0.8310583803766087	-0.0005512835068673949	-0.0020022306829358127	0.0013655728124275512	-0.0007842380784806591	0.601962928653857	0.6010871118389441	0.6032191678319873	0.6017727174722485	0.010256959301325058	0.00900072012319486	0.011132776116237975	0.010447170482933699	-3.0394458525246932	-3.111698493508551	-2.972114028548704	-3.036985444020758	-3.8866410395314124	-3.9952770316842674	-3.7911486114246893	-3.880069257508347	0.00025434107807405855	0.00010580068456035554	0.00048514394690918404	0.00021320984041334738	0.0008095648957538865	0.0003884859544807031	0.001393745310227941	0.0007280141591534506	0.830274142298128	0.6122198879551821	chr13	40000000	40500000
270	1.000249693074727	0.9999766501688484	1.000541202573959	1.00024045977805	-0.01466839470274986	-0.01495990420198201	-0.014395351796871347	-0.01465916140607304	0.5	0.5	0.5	0.5	-0.001057827926657262	-0.001057827926657262	-0.001057827926657262	-0.001057827926657262	-3.1502707511898365	-3.1892154454143	-3.0984355548168203	-3.1567160022641128	-3.621019658823185	-3.691339908504519	-3.568709530958734	-3.6120145979147438	0.00023028426920545175	9.523687944604808e-05	0.0004530945412211618	0.00018640282807729853	0.0010544577428979948	0.000526469889039857	0.0018327552434451403	0.0009293029195534911	0.985581298371977	0.49894217207334274	chr11	76000000	76500000
271	1.3390982276141898	1.3370708617597493	1.3422640859924022	1.3385289813523036	0.22126344915417206	0.21809759077595947	0.22329081500861236	0.2218326954160582	0.5632600338768871	0.5629229289206998	0.5637424882659056	0.5631873591604714	-0.01631887458355949	-0.016801328972578022	-0.0159817696273723	-0.016246199867143818	-2.6778615650688966	-2.7086914331255647	-2.6317267850656503	-2.6855140210421853	3.334735991117133	2.682911794502397	3.857976329846167	3.399027920059984	0.00037630465514319034	0.00016096732809703072	0.0007840065328994015	0.00028012237978816457	0.9999987988225607	0.9999960759655065	0.9999998655889916	0.9999996268678724	1.5603616767683617	0.5469411592933275	chr15	95000000	95500000
272	1.000249693074727	0.9999766501688484	1.000541202573959	1.00024045977805	0.03835126963302746	0.038059760133795306	0.03862431253890597	0.03836050292970428	0.5	0.5	0.5	0.5	-0.02769056888107496	-0.02769056888107496	-0.02769056888107496	-0.02769056888107496	-1.5971750719411661	-1.743734993990878	-1.4919120549438372	-1.5765266194149747	-2.245666466632881	-2.4683877681684576	-2.051324865933264	-2.231476616214901	0.0011252298488504367	0.0005179817104683627	0.0024509526953948252	0.0007659924947692794	0.004238816847429129	0.002519361643216592	0.008046035265591856	0.003194935240454033	1.0386009627077544	0.47230943111892504	chr12	47000000	47500000
273	0.7461132921701298	0.7433493167345836	0.7481439581846162	0.7464799468806596	0.06589042594959968	0.06385975993511317	0.06865440138514578	0.06552377123906988	0.5567704346016588	0.5562274237972838	0.5575498294173225	0.5566522425960144	0.07224937502015757	0.07146998020449391	0.07279238582453251	0.07236756702580194	5.168188531078761	4.474346237142951	5.901538596835335	5.148434645168379	0.3715925600564369	-0.4132668066325693	1.2574074847214782	0.3211147810684194	0.8126157442493855	0.6652218735190387	0.9559781874555424	0.8146314580114805	0.06503548529641562	0.01967062713649833	0.12820538845177465	0.05613296279869473	0.8120037181197294	0.6290198096218164	chr18	78500000	79000000
274	1.000249693074727	0.9999766501688484	1.000541202573959	1.00024045977805	-0.01575254946915386	-0.01604405896838601	-0.015479506563275347	-0.01574331617247704	0.669382254233366	0.6681738134921608	0.6711138725961979	0.6691206654225526	-0.001884924222685963	-0.0036165425855179123	-0.0006764834814807497	-0.0016233354118725951	-3.198706586748415	-3.235171611721091	-3.1568277067970687	-3.20141351423775	-3.5830267865572605	-3.646968940342279	-3.5376200830607294	-3.573759061413017	0.00022049181898237542	9.095920320949943e-05	0.0004393989066322001	0.00017580458304390108	0.0010951355404904876	0.0005503558710682121	0.0019066903478615514	0.0009617479715160935	0.984497143605573	0.66749733001068	chr8	119500000	120000000
275	1.000249693074727	0.9999766501688484	1.000541202573959	1.00024045977805	-0.015504401125468276	-0.015795910624700427	-0.015231358219589763	-0.015495167828791456	0.5	0.5	0.5	0.5	-0.05012531328320802	-0.05012531328320802	-0.05012531328320802	-0.05012531328320802	1.5853212008623137	1.116560147465501	1.935929193781325	1.6443977311012143	-3.591951947878052	-3.657394365754117	-3.544922227607338	-3.582745599075377	0.029274422531358518	0.01343229981086623	0.07123355261424118	0.01621591885016333	0.0010854386802880678	0.0005446479822677665	0.0018890510676382371	0.0009540278356231337	0.9847452919492586	0.449874686716792	chr4	63500000	64000000
276	1.000249693074727	0.9999766501688484	1.000541202573959	1.00024045977805	-0.0027528746339896826	-0.0030443841332218335	-0.0024798317281111704	-0.002743641337312863	0.669382254233366	0.6681738134921608	0.6711138725961979	0.6691206654225526	0.007665132350254983	0.005933513987423034	0.008873573091460196	0.00792672116106835	-3.205547676548602	-3.2972054789324483	-3.11791526893772	-3.20353497916212	-3.862478607962426	-3.9710021317514475	-3.7681036513669115	-3.855404324365673	0.0002146876051251043	8.829341538625568e-05	0.0004030008452055558	0.00018372807995430284	0.0008295948362648895	0.0003980318056894768	0.0014297473976134171	0.0007453000708783318	0.9974968184407372	0.677047386583621	chr9	31500000	32000000
277	1.000249693074727	0.9999766501688484	1.000541202573959	1.00024045977805	-0.02416346308235731	-0.024454972581589463	-0.0238904201764788	-0.024154229785680492	0.5	0.5	0.5	0.5	-0.03401360544217685	-0.03401360544217685	-0.03401360544217685	-0.03401360544217685	-0.9230635917160992	-1.1310499609388796	-0.7776447993883764	-0.8917798032685704	-3.202518216792351	-3.2263383474041634	-3.182103442455645	-3.2008155386547976	0.002237906092189431	0.0010613782829762975	0.005006535003692707	0.0014418555410443592	0.0016017063310675656	0.0008585838774358667	0.0028369794368924353	0.0013556310049709802	0.9760862299923696	0.46598639455782315	chr3	73000000	73500000
278	1.000249693074727	0.9999766501688484	1.000541202573959	1.00024045977805	-0.0009206912858337468	-0.0012122007850658978	-0.0006476483799552346	-0.0009114579891569274	0.5	0.5	0.5	0.5	0.028851994330836184	0.028851994330836184	0.028851994330836184	0.028851994330836184	-1.5549883582401556	-1.6914323040613661	-1.45720380231774	-1.535658663290758	-3.870290597000235	-3.9792717559298483	-3.77518031373355	-3.863355159168771	0.001170964231407935	0.0005361696840516616	0.002537514495493422	0.0008050863730433281	0.0008232673339095735	0.0003947538048438455	0.0014195639432231497	0.0007393757937856492	0.9993290017888932	0.5288519943308362	chr6	126500000	127000000
279	0.8308254258049954	0.8289085694857005	0.8322763729810638	0.8310583803766087	0.030107890515389424	0.028656943339321006	0.03202474683468437	0.02987493594377616	0.601962928653857	0.6010871118389441	0.6032191678319873	0.6017727174722485	0.009942391243025955	0.008686152064895758	0.010818208057938872	0.010132602424634596	-3.035244019775573	-3.103308023166413	-2.9698100197450543	-3.0339290180954115	-2.8443766692048276	-3.0242648958850777	-2.6314104942182786	-2.860915643357977	0.0002556827048216426	0.00010632540372624972	0.0004892316577344104	0.0002135868789129551	0.0023161268896144897	0.0014450276054981117	0.004384449664982067	0.0017175151439888902	0.8609333163203848	0.611905319896883	chr21	34500000	35000000
280	1.000249693074727	0.9999766501688484	1.000541202573959	1.00024045977805	-0.0006748517269814791	-0.0009663612262136301	-0.0004018088211029669	-0.0006656184303046597	0.5	0.5	0.5	0.5	-0.005555555555555536	-0.005555555555555536	-0.005555555555555536	-0.005555555555555536	-3.070445559947033	-3.103919213814086	-3.02645962084088	-3.075701702566583	-3.870736904937523	-3.9796672645721785	-3.775646661624167	-3.8638168467768725	0.00024965559381224346	0.00010371673565629656	0.0004933511282012484	0.0002007772556957144	0.0008229148180925749	0.00039459770717346074	0.0014191070169791188	0.00073897727410886	0.9995748413477454	0.49444444444444446	chr4	54000000	54500000
281	1.1696739603444581	1.168806032166854	1.1711455804901685	1.1693721143604052	0.11086909768220699	0.10939747753649676	0.11173702585981116	0.11117094366626001	0.5724233473510669	0.5719815029021318	0.5730560351987215	0.5723279256517073	-0.0214029391878017	-0.02203562703545625	-0.020961094738866537	-0.021307517488442007	-2.244133698253875	-2.3465666006672166	-2.1313177678978885	-2.2493252122251977	3.217052581500272	2.653323140487056	3.8032141968711324	3.2058364943214492	0.0005923477663371919	0.00026074472828355486	0.001293137054261601	0.0004077546414018059	0.8936449043970943	0.7452926605777414	0.9708446740434633	0.9292211414835863	1.2805430580266652	0.5510204081632653	chr20	48500000	49000000
282	1.000249693074727	0.9999766501688484	1.000541202573959	1.00024045977805	0.02492884654655067	0.02463733704731852	0.025201889452429183	0.02493807984322749	0.5	0.5	0.5	0.5	-0.03304773561811508	-0.03304773561811508	-0.03304773561811508	-0.03304773561811508	-1.1923115579803145	-1.3504042631464364	-1.0808981006262535	-1.1689719340742841	-3.157717179517692	-3.2104816936823815	-3.1062824868281327	-3.1570522687801272	0.0016900751099608066	0.0007821180846198995	0.0036968856853453243	0.0011406483349390014	0.001683364143755071	0.000928246458251437	0.0030604466312569947	0.0013723817427559255	1.0251785396212776	0.4669522643818849	chr2	157000000	157500000
283	0.8308254258049954	0.8289085694857005	0.8322763729810638	0.8310583803766087	0.014095131014425721	0.012644183838357304	0.016011987333720668	0.013862176442812457	0.601962928653857	0.6010871118389441	0.6032191678319873	0.6017727174722485	-0.009884891408808244	-0.011141130586938441	-0.009009074593895328	-0.009694680227199604	-3.0440519428549413	-3.073085075882971	-3.0045701099094844	-3.049276292813654	-3.6459525091658302	-3.6904757950780938	-3.6156329929685995	-3.638850624308314	0.00026097852375555654	0.00010874917370013498	0.0005400026399008808	0.00019758114071060523	0.0010281422787650196	0.000553606722575801	0.0018389786888314125	0.0008599918518264326	0.8449205568194211	0.5920780372450488	chr11	6500000	7000000
284	1.000249693074727	0.9999766501688484	1.000541202573959	1.00024045977805	0.006160446868301167	0.005868937369069016	0.006433489774179679	0.0061696801649779864	0.5	0.5	0.5	0.5	-0.0025136612021857685	-0.0025136612021857685	-0.0025136612021857685	-0.0025136612021857685	-3.2016903829425463	-3.2445120368771256	-3.1443144933836393	-3.2089675007547105	-3.8261675910510524	-3.9230944453102135	-3.7428479900355063	-3.819363964429245	0.00021860019085581593	9.011356105634783e-05	0.0004287727359799382	0.00017775723319348886	0.0008606496545895147	0.00041756474174862974	0.0014938710900049593	0.000765581393302235	1.006410139943028	0.49748633879781423	chr1	195500000	196000000
285	1.000249693074727	0.9999766501688484	1.000541202573959	1.00024045977805	0.004022741954508885	0.003731232455276734	0.004295784860387397	0.004031975251185704	0.5	0.5	0.5	0.5	-0.02395162556934194	-0.02395162556934194	-0.02395162556934194	-0.02395162556934194	-2.0414852561267285	-2.126995195753329	-1.9777808922265168	-2.0305824682635336	-3.851903875433128	-3.954770701655299	-3.762587219237605	-3.845128790419804	0.0007127764488805029	0.00031802027373581464	0.0015077341590640084	0.000512675681361094	0.0008387475114314965	0.0004045451485548276	0.0014518425006662971	0.0007493011982524305	1.0042724350292358	0.47604837443065806	chr3	121000000	121500000
286	0.8308254258049954	0.8289085694857005	0.8322763729810638	0.8310583803766087	-0.004664511445530706	-0.006115458621599124	-0.0027476551262357596	-0.00489746601714397	0.601962928653857	0.6010871118389441	0.6032191678319873	0.6017727174722485	-0.013760368831931574	-0.015016608010061772	-0.012884552017018658	-0.013570157650322934	-2.8362141898970785	-2.8874187651850347	-2.762003738720953	-2.847717127841163	-3.8640005583953916	-3.988203023440989	-3.761817907571632	-3.8529906512844727	0.0003244324712504093	0.00013689013208466913	0.0006882419168385749	0.00023629891803919655	0.0008287397297019076	0.0003912438505139512	0.0014184775909859395	0.0007526187386538699	0.8261609143594647	0.5882025598219255	chr6	15500000	16000000
287	1.000249693074727	0.9999766501688484	1.000541202573959	1.00024045977805	0.024132046485005637	0.023840536985773486	0.02440508939088415	0.024141279781682456	0.5	0.5	0.5	0.5	0.0067182874060578435	0.0067182874060578435	0.0067182874060578435	0.0067182874060578435	-3.121581023842748	-3.157937908985092	-3.0734151242308876	-3.1274855310775056	-3.2013710453276762	-3.2456353377477845	-3.152775926047738	-3.2035364587575916	0.0002370918474012591	9.826272828665439e-05	0.0004674516588355819	0.00019132650124140002	0.00161094040261018	0.0008814516899543846	0.0029214130604003356	0.001320448430043	1.0243817395597326	0.5067182874060578	chr16	27000000	27500000
288	1.000249693074727	0.9999766501688484	1.000541202573959	1.00024045977805	0.0002446982781818263	-4.681122105032465e-05	0.0005177411840603385	0.0002539315748586457	0.5	0.5	0.5	0.5	0.023465703971119134	0.023465703971119134	0.023465703971119134	0.023465703971119134	-2.3273516177857707	-2.3308294457238583	-2.320401348138664	-2.3290878386402802	-3.871143014762865	-3.9796478983106454	-3.776376875871649	-3.8642736424345827	0.0005281433046504541	0.00022530559231984944	0.0010703519408131416	0.0004084578427344127	0.0008226312899540174	0.000394605349129856	0.0014192958461139678	0.0007383119822861231	1.0004943913529087	0.5234657039711191	chr12	82500000	83000000
289	0.8308254258049954	0.8289085694857005	0.8322763729810638	0.8310583803766087	0.04788119153634196	0.04643024436027354	0.04979804785563691	0.047648236964728696	0.601962928653857	0.6010871118389441	0.6032191678319873	0.6017727174722485	0.03152932402790695	0.030273084849776755	0.03240514084281987	0.03171953520951559	-1.157046077253432	-1.2444743326849492	-1.0781664202536998	-1.1527717780375393	-1.4197060205219114	-1.8784302700784705	-0.9204985761553637	-1.4399476179269055	0.0016683660806105487	0.0007863612410672601	0.0033042735132156453	0.0012914147840796446	0.010026755103697051	0.004544706055767758	0.019925023696140617	0.007818645331439915	0.8787066173413374	0.633492252681764	chr13	50500000	51000000
290	1.000249693074727	0.9999766501688484	1.000541202573959	1.00024045977805	-0.017135895005980922	-0.017427404505213073	-0.01686285210010241	-0.017126661709304103	0.5	0.5	0.5	0.5	-0.05932203389830509	-0.05932203389830509	-0.05932203389830509	-0.05932203389830509	-0.8340010604774439	-0.8692331938120637	-0.8080514191560013	-0.8293598144708554	-3.5307974435506813	-3.585942696073973	-3.494899118651678	-3.5211739797385375	0.0023607701718799225	0.001025870660012322	0.004856594344076022	0.0017803078417156731	0.0011536699771801874	0.0005849880101557881	0.0020133436347911033	0.001008174131886929	0.983113798068746	0.4406779661016949	chr4	46500000	47000000
291	0.8308254258049954	0.8289085694857005	0.8322763729810638	0.8310583803766087	0.002668782812206283	0.001217835636137865	0.004585639131501229	0.0024358282405930187	0.601962928653857	0.6010871118389441	0.6032191678319873	0.6017727174722485	-0.019545346236274602	-0.0208015854144048	-0.018669529421361686	-0.019355135054665962	-2.4870957630652883	-2.5494102543191337	-2.3935225189100535	-2.5027251395159826	-3.8765610435053572	-3.9678243323323485	-3.791793913417405	-3.873312964135838	0.00046247229851880696	0.00019760394517145407	0.0009948794949798858	0.00032870287696194387	0.0008172412484833558	0.0003992986828049404	0.0014157687468394741	0.0007269487821445042	0.8334942086172017	0.5824175824175825	chr16	62000000	62500000
292	0.8308254258049954	0.8289085694857005	0.8322763729810638	0.8310583803766087	-0.0051576581977973435	-0.006608605373865761	-0.0032408018785023973	-0.005390612769410608	0.601962928653857	0.6010871118389441	0.6032191678319873	0.6017727174722485	-0.001693231100399123	-0.0029494702785293203	-0.0008174142854862065	-0.0015030199187904825	-3.23877346088738	-3.2815518174657488	-3.185437344278389	-3.2440523409026905	-3.8586175071398734	-3.984181275956608	-3.7561624362176813	-3.8470631581926025	0.00021126003613135123	8.683683377225026e-05	0.0004173298405115134	0.00017043673512082065	0.000833281777164955	0.00039282050280911265	0.001425497814818761	0.0007574043955159731	0.8256677676071981	0.6002696975534579	chr4	129000000	129500000
293	1.000249693074727	0.9999766501688484	1.000541202573959	1.00024045977805	0.005197690047139075	0.004906180547906924	0.0054707329530175874	0.005206923343815895	0.669382254233366	0.6681738134921608	0.6711138725961979	0.6691206654225526	0.03233381440937974	0.03060219604654779	0.033542255150584954	0.03259540322019311	-1.08988134847371	-1.197334839757926	-0.9939907714340004	-1.0840998913514568	-3.839081907316949	-3.9389278278849336	-3.7528027891771165	-3.832298506102873	0.0017531177251708919	0.0008162147256825582	0.0032905476813590417	0.001452854246820984	0.000849593320108981	0.0004110053451943306	0.001472731744237168	0.000757318095502213	1.005447383121866	0.7017160686427457	chr13	88500000	89000000
294	0.8308254258049954	0.8289085694857005	0.8322763729810638	0.8310583803766087	0.02506190364236016	0.023610956466291744	0.026978759961655108	0.024828949070746897	0.601962928653857	0.6010871118389441	0.6032191678319873	0.6017727174722485	-0.016016450243087094	-0.01727268942121729	-0.015140633428174177	-0.015826239061478453	-2.6912218259566796	-2.759596554481848	-2.5901407040887108	-2.70757502262808	-3.1527538744601995	-3.2642969153881287	-3.0126556269253015	-3.1670314777636834	0.000378145868934279	0.0001609939512222781	0.0008172977193687197	0.00026714590257305914	0.0016919381143994927	0.0010378208120180995	0.00314592731166529	0.0012920021669572909	0.8558873294473556	0.58594647841077	chr19	500000	1000000
295	1.000249693074727	0.9999766501688484	1.000541202573959	1.00024045977805	0.0128959477149366	0.01260443821570445	0.013168990620815113	0.01290518101161342	0.5	0.5	0.5	0.5	-0.017665952890792314	-0.017665952890792314	-0.017665952890792314	-0.017665952890792314	-2.594081178505019	-2.610025632585872	-2.577698292402772	-2.5943003945157153	-3.6758636037776	-3.7414730577500084	-3.624827216861112	-3.66857707024964	0.00040535130022714835	0.00017421864101530352	0.0008275304016731603	0.0003098280791100649	0.0010003473719002497	0.0005007269737107705	0.0017584151277538495	0.0008711236930681893	1.0131456407896635	0.4823340471092077	chr3	12500000	13000000
296	0.8308254258049954	0.8289085694857005	0.8322763729810638	0.8310583803766087	0.04443787678479272	0.0429869296087243	0.046354733104087664	0.044204922213179454	0.601962928653857	0.6010871118389441	0.6032191678319873	0.6017727174722485	-0.00145962572840877	-0.0027158649065389673	-0.0005838089134958535	-0.0012694145468001294	-3.258479113169228	-3.3032474573188093	-3.2022461183021242	-3.2642114385279895	-1.7312079687584343	-2.1333206955706485	-1.2894359334633494	-1.7510376229998699	0.00020703375033009024	8.497314318346568e-05	0.0004081794034736454	0.00016749122733162496	0.007268097011099214	0.003522153618103521	0.014347339286608833	0.00560144756984225	0.8752633025897881	0.6005033029254483	chr8	19500000	20000000
297	0.8308254258049954	0.8289085694857005	0.8322763729810638	0.8310583803766087	-0.024784915414478248	-0.026235862590546666	-0.022868059095183302	-0.025017869986091512	0.601962928653857	0.6010871118389441	0.6032191678319873	0.6017727174722485	0.005867623335873401	0.0046113841577432035	0.006743440150786317	0.006057834517482041	-3.127128619652969	-3.17954809529241	-3.0641436994303266	-3.1324113419445685	-3.1975998218630344	-3.29159659407632	-3.1263936824835867	-3.186204505446115	0.00023428959854827842	9.688900738523453e-05	0.00045331898683275996	0.00019347519998755958	0.0016160178758171807	0.0007851992078568583	0.0027860029798597937	0.0014464346577760354	0.8060405103905172	0.6078305519897305	chr17	16000000	16500000
298	1.000249693074727	0.9999766501688484	1.000541202573959	1.00024045977805	-0.020283872388365293	-0.020575381887597444	-0.02001082948248678	-0.020274639091688473	0.5	0.5	0.5	0.5	-0.0223567768979972	-0.0223567768979972	-0.0223567768979972	-0.0223567768979972	-2.2363095680872482	-2.2894506348631465	-2.194878984315676	-2.230454326585085	-3.3965401508129114	-3.4290079178291357	-3.3849207937525145	-3.386115945834997	0.0005831734762495126	0.0002557303694758518	0.0012135013696525662	0.0004317310829348162	0.0013191281042943645	0.0006843887675745757	0.00231618759573545	0.0011379680269337162	0.9799658206863616	0.4776432231020028	chr3	59000000	59500000
299	1.000249693074727	0.9999766501688484	1.000541202573959	1.00024045977805	-0.011568312600595682	-0.011859822099827833	-0.01129526969471717	-0.011559079303918862	0.5	0.5	0.5	0.5	-0.006616257088846889	-0.006616257088846889	-0.006616257088846889	-0.006616257088846889	-3.1585656936987174	-3.1974083895704357	-3.1068214718194334	-3.1650164567025	-3.7151807136574466	-3.801160286667127	-3.645867374178578	-3.7068475968920414	0.00022838623941274166	9.445979665585322e-05	0.00044939595872292646	0.00018484460113609347	0.0009601330542709507	0.00047171442040935525	0.0016620372133521802	0.0008533902916611338	0.9886813804741312	0.4933837429111531	chr6	93000000	93500000
